#
# A fatal error has been detected by the Java Runtime Environment:
#
#  SIGABRT (0x6) at pc=0x00007ff80a0dc196, pid=24395, tid=259
#
# JRE version: OpenJDK Runtime Environment (21.0.10) (build 21.0.10+-117844309-b1163.108)
# Java VM: OpenJDK 64-Bit Server VM (21.0.10+-117844309-b1163.108, mixed mode, tiered, compressed oops, compressed class ptrs, g1 gc, bsd-amd64)
# Problematic frame:
# C  [libsystem_kernel.dylib+0x8196]  __pthread_kill+0xa
#
# No core dump will be written. Core dumps have been disabled. To enable core dumping, try "ulimit -c unlimited" before starting Java again
#
# If you would like to submit a bug report, please visit:
#   https://youtrack.jetbrains.com/issues/JBR
# The crash happened outside the Java Virtual Machine in native code.
# See problematic frame for where to report the bug.
#

---------------  S U M M A R Y ------------

Command Line: abort vfprintf -XX:ErrorFile=/Users/mac/java_error_in_studio_%p.log -XX:HeapDumpPath=/Users/mac/java_error_in_studio.hprof -Xms256m -Xmx2048m -XX:JbrShrinkingGcMaxHeapFreeRatio=40 -XX:ReservedCodeCacheSize=512m -XX:+HeapDumpOnOutOfMemoryError -XX:-OmitStackTraceInFastThrow -XX:CICompilerCount=2 -XX:+IgnoreUnrecognizedVMOptions -XX:+UnlockDiagnosticVMOptions -XX:TieredOldPercentage=100000 -ea -Dsun.io.useCanonCaches=false -Dsun.java2d.metal=true -Djbr.catch.SIGABRT=true -Djdk.http.auth.tunneling.disabledSchemes="" -Djdk.attach.allowAttachSelf=true -Djdk.module.illegalAccess.silent=true -Djdk.nio.maxCachedBufferSize=2097152 -Djava.util.zip.use.nio.for.zip.file.access=true -Dkotlinx.coroutines.debug=off -Djava.nio.file.spi.DefaultFileSystemProvider=com.intellij.platform.core.nio.fs.MultiRoutingFileSystemProvider -Dapple.awt.application.appearance=system -Dflags.configuration.level=COMPLETE -Dflags.debug.enabled=false -Djb.vmOptionsFile=/Applications/Android Studio.app/Contents/Resources/../bin/studio.vmoptions -Xbootclasspath/a:/Applications/Android Studio.app/Contents/lib/nio-fs.jar -Djava.system.class.loader=com.intellij.util.lang.PathClassLoader -Didea.vendor.name=Google -Didea.paths.selector=AndroidStudio2025.3.4 -Djna.boot.library.path=/Applications/Android Studio.app/Contents/lib/jna/amd64 -Djna.nosys=true -Djna.noclasspath=true -Dpty4j.preferred.native.folder=/Applications/Android Studio.app/Contents/lib/pty4j -Dio.netty.allocator.type=pooled -Dskiko.library.path=/Applications/Android Studio.app/Contents/lib/skiko-awt-runtime-all -Dintellij.platform.runtime.repository.path=/Applications/Android Studio.app/Contents/modules/module-descriptors.dat -Didea.platform.prefix=AndroidStudio -XX:FlightRecorderOptions=stackdepth=256 --add-opens=java.base/sun.net.www.protocol.https=ALL-UNNAMED -Djava.security.manager=allow -Dij.startup.error.report.url=https://issuetracker.google.com/issues/new?component=192708 -XX:CompileCommand=exclude,org.jetbrains.kotlin.serialization.deserialization.TypeDeserializer::simpleType -XX:CompileCommand=exclude,org.jetbrains.kotlin.serialization.deserialization.TypeDeserializer::toAttributes -Dsplash=true -Daether.connector.resumeDownloads=false -Dcompose.swing.render.on.graphics=true --add-opens=java.base/java.io=ALL-UNNAMED --add-opens=java.base/java.lang=ALL-UNNAMED --add-opens=java.base/java.lang.ref=ALL-UNNAMED --add-opens=java.base/java.lang.reflect=ALL-UNNAMED --add-opens=java.base/java.net=ALL-UNNAMED --add-opens=java.base/java.nio=ALL-UNNAMED --add-opens=java.base/java.nio.charset=ALL-UNNAMED --add-opens=java.base/java.text=ALL-UNNAMED --add-opens=java.base/java.time=ALL-UNNAMED --add-opens=java.base/java.util=ALL-UNNAMED --add-opens=java.base/java.util.concurrent=ALL-UNNAMED --add-opens=java.base/java.util.concurrent.atomic=ALL-UNNAMED --add-opens=java.base/java.util.concurrent.locks=ALL-UNNAMED --add-opens=java.base/jdk.internal.ref=ALL-UNNAMED --add-opens=java.base/jdk.internal.vm=ALL-UNNAMED --add-opens=java.base/sun.net.dns=ALL-UNNAMED --add-opens=java.base/sun.nio=ALL-UNNAMED --add-opens=java.base/sun.nio.ch=ALL-UNNAMED --add-opens=java.base/sun.nio.fs=ALL-UNNAMED --add-opens=java.base/sun.security.ssl=ALL-UNNAMED --add-opens=java.base/sun.security.util=ALL-UNNAMED --add-opens=java.desktop/com.apple.eawt=ALL-UNNAMED --add-opens=java.desktop/com.apple.eawt.event=ALL-UNNAMED --add-opens=java.desktop/com.apple.laf=ALL-UNNAMED --add-opens=java.desktop/com.sun.java.swing=ALL-UNNAMED --add-opens=java.desktop/java.awt=ALL-UNNAMED --add-opens=java.desktop/java.awt.dnd.peer=ALL-UNNAMED --add-opens=java.desktop/java.awt.event=ALL-UNNAMED --add-opens=java.desktop/java.awt.font=ALL-UNNAMED --add-opens=java.desktop/java.awt.image=ALL-UNNAMED --add-opens=java.desktop/java.awt.peer=ALL-UNNAMED --add-opens=java.desktop/javax.swing=ALL-UNNAMED --add-opens=java.desktop/javax.swing.plaf.basic=ALL-UNNAMED --add-opens=java.desktop/javax.swing.text=ALL-UNNAMED --add-opens=java.desktop/javax.swing.text.html=ALL-UNNAMED --add-opens=java.desktop/javax.swing.text.html.parser=ALL-UNNAMED --add-opens=java.desktop/sun.awt=ALL-UNNAMED --add-opens=java.desktop/sun.awt.datatransfer=ALL-UNNAMED --add-opens=java.desktop/sun.awt.image=ALL-UNNAMED --add-opens=java.desktop/sun.font=ALL-UNNAMED --add-opens=java.desktop/sun.java2d=ALL-UNNAMED --add-opens=java.desktop/sun.lwawt=ALL-UNNAMED --add-opens=java.desktop/sun.lwawt.macosx=ALL-UNNAMED --add-opens=java.desktop/sun.swing=ALL-UNNAMED --add-opens=java.management/sun.management=ALL-UNNAMED --add-opens=jdk.attach/sun.tools.attach=ALL-UNNAMED --add-opens=jdk.compiler/com.sun.tools.javac.api=ALL-UNNAMED --add-opens=jdk.internal.jvmstat/sun.jvmstat.monitor=ALL-UNNAMED --add-opens=jdk.jdi/com.sun.tools.jdi=ALL-UNNAMED -Dide.native.launcher=true com.android.tools.idea.MainWrapper /Users/mac/MemoryGame/android

Host: "amd64" x86_64 3100 MHz, 4 cores, 8G, Darwin 22.6.0, macOS 13.7.8 (22H730)
Time: Fri Aug 21 19:21:51 2026 IST elapsed time: 1.599972 seconds (0d 0h 0m 1s)

---------------  T H R E A D  ---------------

Current thread (0x00007fc17a9c8000):  JavaThread "AppKit Thread" daemon [_thread_in_native, id=259, stack(0x00007ff7b989d000,0x00007ff7ba09d000) (8192K)]

Stack: [0x00007ff7b989d000,0x00007ff7ba09d000],  sp=0x00007ff7ba097fb8,  free space=8171k
Native frames: (J=compiled Java code, j=interpreted, Vv=VM code, C=native code)
C  [libsystem_kernel.dylib+0x8196]  __pthread_kill+0xa
C  [libsystem_c.dylib+0x7fb45]  abort+0x7b
C  [HIServices+0x73c4]  _RegisterApplication+0x355c
C  [JavaRuntimeSupport+0x2d53]  +[JRSAppKitAWT registerAWTAppWithOptions:]+0x3a1
C  [libosxapp.dylib+0x23a2]  -[NSApplicationAWT registerWithProcessManager]+0x372
C  [libosxapp.dylib+0x1b3c]  -[NSApplicationAWT init]+0x8c
C  [AppKit+0x578e]  +[NSApplication sharedApplication]+0x78
C  [libawt_lwawt.dylib+0x917e9]  +[AWTStarter starter:headless:]+0xb9
C  [libosxapp.dylib+0x4840]  +[ThreadUtilities invokeBlockCopy:]+0x10
C  [Foundation+0x7f583]  __NSThreadPerformPerform+0xb1
C  [CoreFoundation+0x7ce4a]  __CFRUNLOOP_IS_CALLING_OUT_TO_A_SOURCE0_PERFORM_FUNCTION__+0x11
C  [CoreFoundation+0x7cdec]  __CFRunLoopDoSource0+0x9d
C  [CoreFoundation+0x7cbc5]  __CFRunLoopDoSources0+0xd9
C  [CoreFoundation+0x7b84f]  __CFRunLoopRun+0x394
C  [CoreFoundation+0x7ae51]  CFRunLoopRunSpecific+0x230
C  [studio+0x7299f]  xplat_launcher::main_lib::hc3e0791bb1e8bb90+0x2dc0
C  [studio+0x43a6]  std::sys::backtrace::__rust_begin_short_backtrace::hb20f81c0251599cb+0x6
C  [studio+0x47a4]  main+0x3e4
C  [dyld+0x6418]  start+0x768

siginfo: si_signo: 6 (SIGABRT), si_code: 0 (unknown)

Registers:
RAX=0x0000000000000000, RBX=0x00007ff84d7f0a00, RCX=0x00007ff7ba097fb8, RDX=0x0000000000000000
RSP=0x00007ff7ba097fb8, RBP=0x00007ff7ba097fe0, RSI=0x0000000000000006, RDI=0x0000000000000103
R8 =0x0000000000000015, R9 =0x00007fc17bf00000, R10=0x0000000000000000, R11=0x0000000000000246
R12=0x0000000000000103, R13=0x0000000000000001, R14=0x0000000000000006, R15=0x0000000000000016
RIP=0x00007ff80a0dc196, EFLAGS=0x0000000000000246, ERR=0x0000000002000148
  TRAPNO=0x0000000000000085


Register to memory mapping:

RAX=0x0 is null
RBX=0x00007ff84d7f0a00 points into unknown readable memory: 0xc5ac3c684f40bbd7 | d7 bb 40 4f 68 3c ac c5
RCX=0x00007ff7ba097fb8 is pointing into the stack for thread: 0x00007fc17a9c8000
RDX=0x0 is null
RSP=0x00007ff7ba097fb8 is pointing into the stack for thread: 0x00007fc17a9c8000
RBP=0x00007ff7ba097fe0 is pointing into the stack for thread: 0x00007fc17a9c8000
RSI=0x0000000000000006 is an unknown value
RDI=0x0000000000000103 is an unknown value
R8 =0x0000000000000015 is an unknown value
R9 =0x00007fc17bf00000 points into unknown readable memory: 0x00007fc179900000 | 00 00 90 79 c1 7f 00 00
R10=0x0 is null
R11=0x0000000000000246 is an unknown value
R12=0x0000000000000103 is an unknown value
R13=0x0000000000000001 is an unknown value
R14=0x0000000000000006 is an unknown value
R15=0x0000000000000016 is an unknown value

Top of Stack: (sp=0x00007ff7ba097fb8)
0x00007ff7ba097fb8:   00007ff80a113ee6 0000000000000003
0x00007ff7ba097fc8:   00007fc17c14ba50 00007ff84d7f0a00
0x00007ff7ba097fd8:   00007ff7ba097ff8 00007ff7ba098020
0x00007ff7ba097fe8:   00007ff80a03ab45 00007ff7ba098020
0x00007ff7ba097ff8:   00007ff8fffff9df ffffffff08220102
0x00007ff7ba098008:   00007fc17c14c140 0000000000000000
0x00007ff7ba098018:   00000000ffffffff 00007ff7ba0993c0
0x00007ff7ba098028:   00007ff80f9913c4 0000000000000000
0x00007ff7ba098038:   00007ff7ba098080 00007ff7ba09851d
0x00007ff7ba098048:   00007fc17bf5be40 0000000000000000
0x00007ff7ba098058:   0000000000000000 0000000a00000001
0x00007ff7ba098068:   000000000000000d 00007ff7ba09807f
0x00007ff7ba098078:   0100000000000001 6163696c7070412f
0x00007ff7ba098088:   0000001600000001 000002da00000048
0x00007ff7ba098098:   7070612e6f696475 0000000d00000001
0x00007ff7ba0980a8:   0000000800000007 0000000000000000
0x00007ff7ba0980b8:   0000000000000000 732e7473696c506f
0x00007ff7ba0980c8:   0000736700000003 00007ff809da0d08
0x00007ff7ba0980d8:   0000000000000000 00007ff800000000
0x00007ff7ba0980e8:   00007ff84d7ed960 00007fc178f044e0
0x00007ff7ba0980f8:   00007ff849d5cb18 0000000000000000
0x00007ff7ba098108:   0000000000000000 0000000000000000
0x00007ff7ba098118:   00007fc100000001 0000003300000000
0x00007ff7ba098128:   0000000000000000 0000000000000000
0x00007ff7ba098138:   0000000000000000 0000000000000000
0x00007ff7ba098148:   0000000000000000 0000000000000000
0x00007ff7ba098158:   0000000000000000 00007ff84d056a98
0x00007ff7ba098168:   0000000000000000 00007ff80a56e8b8
0x00007ff7ba098178:   00007ff80a0deb13 000000000000000a
0x00007ff7ba098188:   0000000000000000 00000000000001b6
0x00007ff7ba098198:   00007ff7ba09904f 00007fc17bf5be30
0x00007ff7ba0981a8:   0000000000000008 0000000105f7fa00 

Instructions: (pc=0x00007ff80a0dc196)
0x00007ff80a0dc096:   fe ff ff eb 0f 83 bd 40 ff ff ff 00 74 27 41 be
0x00007ff80a0dc0a6:   d4 fe ff ff 48 8d bd 38 ff ff ff e8 dd a0 ff ff
0x00007ff80a0dc0b6:   44 89 f0 48 81 c4 a8 00 00 00 5b 41 5c 41 5d 41
0x00007ff80a0dc0c6:   5e 41 5f 5d c3 44 8b b5 58 ff ff ff 45 85 f6 75
0x00007ff80a0dc0d6:   d3 8b 9d 70 ff ff ff 48 83 fb 13 77 c1 8d 48 c4
0x00007ff80a0dc0e6:   c1 e9 02 39 d9 72 b7 48 89 da 48 c1 e2 02 8d 4a
0x00007ff80a0dc0f6:   3c 41 be d4 fe ff ff 39 c8 75 a9 48 8d b5 74 ff
0x00007ff80a0dc106:   ff ff 48 8b 46 e8 49 89 04 24 48 8b 46 f0 48 8b
0x00007ff80a0dc116:   4d c8 48 89 01 8b 46 f8 41 89 45 00 41 8b 07 39
0x00007ff80a0dc126:   c3 76 1d c1 e0 02 48 8b 7d d0 48 89 c2 e8 71 96
0x00007ff80a0dc136:   ff ff 41 89 1f 41 be cd fe ff ff e9 70 ff ff ff
0x00007ff80a0dc146:   48 8b 7d d0 e8 5a 96 ff ff 41 89 1f 45 31 f6 e9
0x00007ff80a0dc156:   5c ff ff ff 90 90 b8 64 00 00 02 49 89 ca 0f 05
0x00007ff80a0dc166:   73 08 48 89 c7 e9 0b 9b ff ff c3 90 90 90 b8 be
0x00007ff80a0dc176:   01 00 02 49 89 ca 0f 05 73 08 48 89 c7 e9 f3 9a
0x00007ff80a0dc186:   ff ff c3 90 90 90 b8 48 01 00 02 49 89 ca 0f 05
0x00007ff80a0dc196:   73 08 48 89 c7 e9 db 9a ff ff c3 90 90 90 b8 53
0x00007ff80a0dc1a6:   00 00 02 49 89 ca 0f 05 73 08 48 89 c7 e9 c3 9a
0x00007ff80a0dc1b6:   ff ff c3 90 90 90 b8 83 01 00 02 49 89 ca 0f 05
0x00007ff80a0dc1c6:   73 08 48 89 c7 e9 ab 9a ff ff c3 90 90 45 85 c0
0x00007ff80a0dc1d6:   74 23 65 48 8b 04 25 08 00 00 00 48 85 c0 48 8d
0x00007ff80a0dc1e6:   0d fd ee 71 43 48 0f 45 c8 c7 01 16 00 00 00 b8
0x00007ff80a0dc1f6:   ff ff ff ff c3 41 b8 40 00 00 00 e9 4e be ff ff
0x00007ff80a0dc206:   90 90 b8 6a 00 00 02 49 89 ca 0f 05 73 08 48 89
0x00007ff80a0dc216:   c7 e9 5f 9a ff ff c3 90 90 90 b8 1e 00 00 02 49
0x00007ff80a0dc226:   89 ca 0f 05 73 08 48 89 c7 e9 50 a7 ff ff c3 90
0x00007ff80a0dc236:   90 90 b8 e6 00 00 02 49 89 ca 0f 05 73 08 48 89
0x00007ff80a0dc246:   c7 e9 38 a7 ff ff c3 90 b8 16 00 00 00 48 85 ff
0x00007ff80a0dc256:   74 1e 48 8b 3f 48 85 ff 74 16 81 ce 00 80 00 00
0x00007ff80a0dc266:   66 89 77 40 89 57 44 89 4f 48 44 89 47 4c 31 c0
0x00007ff80a0dc276:   c3 90 b8 51 00 00 02 49 89 ca 0f 05 73 08 48 89
0x00007ff80a0dc286:   c7 e9 ef 99 ff ff c3 48 83 3d eb 75 9a 41 00 0f 


Stack slot to memory mapping:

stack at sp + 0 slots: 0x00007ff80a113ee6: pthread_kill+0x107 in /usr/lib/system/libsystem_pthread.dylib at 0x00007ff80a10e000
stack at sp + 1 slots: 0x0000000000000003 is an unknown value
stack at sp + 2 slots: 0x00007fc17c14ba50 points into unknown readable memory: 0x011dfff84d804c41 | 41 4c 80 4d f8 ff 1d 01
stack at sp + 3 slots: 0x00007ff84d7f0a00 points into unknown readable memory: 0xc5ac3c684f40bbd7 | d7 bb 40 4f 68 3c ac c5
stack at sp + 4 slots: 0x00007ff7ba097ff8 is pointing into the stack for thread: 0x00007fc17a9c8000
stack at sp + 5 slots: 0x00007ff7ba098020 is pointing into the stack for thread: 0x00007fc17a9c8000
stack at sp + 6 slots: 0x00007ff80a03ab45: abort+0x7b in /usr/lib/system/libsystem_c.dylib at 0x00007ff809fbb000
stack at sp + 7 slots: 0x00007ff7ba098020 is pointing into the stack for thread: 0x00007fc17a9c8000


---------------  P R O C E S S  ---------------

Threads class SMR info:
_java_thread_list=0x00007fc17bf5b710, length=15, elements={
0x00007fc17a01ca00, 0x00007fc17a08a000, 0x00007fc17a09c800, 0x00007fc17a09d000,
0x00007fc17b013c00, 0x00007fc17902f800, 0x00007fc179030000, 0x00007fc17a83d800,
0x00007fc17a85e600, 0x00007fc17a0af800, 0x00007fc1791bc800, 0x00007fc179047800,
0x00007fc17a1eca00, 0x00007fc17b068000, 0x00007fc17a9c8000
}

Java Threads: ( => current thread )
  0x00007fc17a01ca00 JavaThread "main"                              [_thread_in_Java, id=3075, stack(0x000070000095c000,0x0000700000b5c000) (2048K)]
  0x00007fc17a08a000 JavaThread "Common-Cleaner"             daemon [_thread_blocked, id=22531, stack(0x00007000013fd000,0x00007000014fd000) (1024K)]
  0x00007fc17a09c800 JavaThread "Reference Handler"          daemon [_thread_blocked, id=22787, stack(0x0000700001500000,0x0000700001600000) (1024K)]
  0x00007fc17a09d000 JavaThread "Finalizer"                  daemon [_thread_blocked, id=31747, stack(0x0000700001603000,0x0000700001703000) (1024K)]
  0x00007fc17b013c00 JavaThread "Signal Dispatcher"          daemon [_thread_blocked, id=31491, stack(0x0000700001706000,0x0000700001806000) (1024K)]
  0x00007fc17902f800 JavaThread "Service Thread"             daemon [_thread_blocked, id=23555, stack(0x0000700001809000,0x0000700001909000) (1024K)]
  0x00007fc179030000 JavaThread "Monitor Deflation Thread"   daemon [_thread_blocked, id=30979, stack(0x000070000190c000,0x0000700001a0c000) (1024K)]
  0x00007fc17a83d800 JavaThread "C2 CompilerThread0"         daemon [_thread_blocked, id=24323, stack(0x0000700001a0f000,0x0000700001b0f000) (1024K)]
  0x00007fc17a85e600 JavaThread "C1 CompilerThread0"         daemon [_thread_in_vm, id=24835, stack(0x0000700001b12000,0x0000700001c12000) (1024K)]
  0x00007fc17a0af800 JavaThread "Notification Thread"        daemon [_thread_blocked, id=30723, stack(0x0000700001c15000,0x0000700001d15000) (1024K)]
  0x00007fc1791bc800 JavaThread "DefaultDispatcher-worker-1" daemon [_thread_blocked, id=27139, stack(0x0000700002021000,0x0000700002121000) (1024K)]
  0x00007fc179047800 JavaThread "DefaultDispatcher-worker-2" daemon [_thread_in_native, id=29187, stack(0x0000700002124000,0x0000700002224000) (1024K)]
  0x00007fc17a1eca00 JavaThread "DefaultDispatcher-worker-3" daemon [_thread_blocked, id=28675, stack(0x0000700002227000,0x0000700002327000) (1024K)]
  0x00007fc17b068000 JavaThread "DefaultDispatcher-worker-4" daemon [_thread_blocked, id=27651, stack(0x000070000232a000,0x000070000242a000) (1024K)]
=>0x00007fc17a9c8000 JavaThread "AppKit Thread"              daemon [_thread_in_native, id=259, stack(0x00007ff7b989d000,0x00007ff7ba09d000) (8192K)]
Total: 15

Other Threads:
  0x00007fc178f20350 VMThread "VM Thread"                           [id=21507, stack(0x0000700001171000,0x0000700001271000) (1024K)]
  0x00007fc179918db0 WatcherThread "VM Periodic Task Thread"        [id=14083, stack(0x000070000106e000,0x000070000116e000) (1024K)]
  0x00007fc179916eb0 WorkerThread "GC Thread#0"                     [id=16131, stack(0x0000700000b5f000,0x0000700000c5f000) (1024K)]
  0x00007fc1799564e0 WorkerThread "GC Thread#1"                     [id=26115, stack(0x0000700001d18000,0x0000700001e18000) (1024K)]
  0x00007fc178f4c310 WorkerThread "GC Thread#2"                     [id=26627, stack(0x0000700001e1b000,0x0000700001f1b000) (1024K)]
  0x00007fc179a47a50 WorkerThread "GC Thread#3"                     [id=26883, stack(0x0000700001f1e000,0x000070000201e000) (1024K)]
  0x00007fc179a0a690 ConcurrentGCThread "G1 Main Marker"            [id=15875, stack(0x0000700000c62000,0x0000700000d62000) (1024K)]
  0x00007fc179917840 WorkerThread "G1 Conc#0"                       [id=11523, stack(0x0000700000d65000,0x0000700000e65000) (1024K)]
  0x00007fc17b05f400 ConcurrentGCThread "G1 Refine#0"               [id=11779, stack(0x0000700000e68000,0x0000700000f68000) (1024K)]
  0x00007fc178f13ac0 ConcurrentGCThread "G1 Service"                [id=12035, stack(0x0000700000f6b000,0x000070000106b000) (1024K)]
Total: 10

Threads with active compile tasks:
C1 CompilerThread0  1649 1174       3       kotlinx.collections.immutable.implementations.immutableMap.PersistentHashMapBaseIterator::moveToNextNodeWithData (96 bytes)
Total: 1

VM state: not at safepoint (normal execution)

VM Mutex/Monitor currently owned by a thread: None

Heap address: 0x0000000780000000, size: 2048 MB, Compressed Oops mode: Zero based, Oop shift amount: 3

CDS archive(s) not mapped
Compressed class space mapped at: 0x0000000800000000-0x0000000840000000, reserved size: 1073741824
Narrow klass base: 0x0000000800000000, Narrow klass shift: 0, Narrow klass range: 0x40000000

GC Precious Log:
 CardTable entry size: 512
 Card Set container configuration: InlinePtr #cards 5 size 8 Array Of Cards #cards 12 size 40 Howl #buckets 4 coarsen threshold 1843 Howl Bitmap #cards 512 size 80 coarsen threshold 460 Card regions per heap region 1 cards per card region 2048
 CPUs: 4 total, 4 available
 Memory: 8192M
 Large Page Support: Disabled
 NUMA Support: Disabled
 Compressed Oops: Enabled (Zero based)
 Heap Region Size: 1M
 Heap Min Capacity: 256M
 Heap Initial Capacity: 256M
 Heap Max Capacity: 2G
 Pre-touch: Disabled
 Parallel Workers: 4
 Concurrent Workers: 1
 Concurrent Refinement Workers: 4
 Periodic GC: Disabled

Heap:
 garbage-first heap   total 262144K, used 14263K [0x0000000780000000, 0x0000000800000000)
  region size 1024K, 8 young (8192K), 3 survivors (3072K)
 Metaspace       used 20535K, committed 20736K, reserved 1114112K
  class space    used 2031K, committed 2112K, reserved 1048576K

Heap Regions: E=young(eden), S=young(survivor), O=old, HS=humongous(starts), HC=humongous(continues), CS=collection set, F=free, TAMS=top-at-mark-start, PB=parsable bottom
|   0|0x0000000780000000, 0x0000000780100000, 0x0000000780100000|100%| O|  |TAMS 0x0000000780000000| PB 0x0000000780000000| Untracked 
|   1|0x0000000780100000, 0x0000000780200000, 0x0000000780200000|100%|HS|  |TAMS 0x0000000780100000| PB 0x0000000780100000| Complete 
|   2|0x0000000780200000, 0x0000000780300000, 0x0000000780300000|100%|HC|  |TAMS 0x0000000780200000| PB 0x0000000780200000| Complete 
|   3|0x0000000780300000, 0x0000000780400000, 0x0000000780400000|100%|HS|  |TAMS 0x0000000780300000| PB 0x0000000780300000| Complete 
|   4|0x0000000780400000, 0x0000000780500000, 0x0000000780500000|100%|HC|  |TAMS 0x0000000780400000| PB 0x0000000780400000| Complete 
|   5|0x0000000780500000, 0x0000000780600000, 0x0000000780600000|100%| O|  |TAMS 0x0000000780500000| PB 0x0000000780500000| Untracked 
|   6|0x0000000780600000, 0x0000000780700000, 0x0000000780700000|100%| O|  |TAMS 0x0000000780600000| PB 0x0000000780600000| Untracked 
|   7|0x0000000780700000, 0x0000000780775438, 0x0000000780800000| 45%| O|  |TAMS 0x0000000780700000| PB 0x0000000780700000| Untracked 
|   8|0x0000000780800000, 0x0000000780800000, 0x0000000780900000|  0%| F|  |TAMS 0x0000000780800000| PB 0x0000000780800000| Untracked 
|   9|0x0000000780900000, 0x0000000780900000, 0x0000000780a00000|  0%| F|  |TAMS 0x0000000780900000| PB 0x0000000780900000| Untracked 
|  10|0x0000000780a00000, 0x0000000780a00000, 0x0000000780b00000|  0%| F|  |TAMS 0x0000000780a00000| PB 0x0000000780a00000| Untracked 
|  11|0x0000000780b00000, 0x0000000780b00000, 0x0000000780c00000|  0%| F|  |TAMS 0x0000000780b00000| PB 0x0000000780b00000| Untracked 
|  12|0x0000000780c00000, 0x0000000780c00000, 0x0000000780d00000|  0%| F|  |TAMS 0x0000000780c00000| PB 0x0000000780c00000| Untracked 
|  13|0x0000000780d00000, 0x0000000780d00000, 0x0000000780e00000|  0%| F|  |TAMS 0x0000000780d00000| PB 0x0000000780d00000| Untracked 
|  14|0x0000000780e00000, 0x0000000780e00000, 0x0000000780f00000|  0%| F|  |TAMS 0x0000000780e00000| PB 0x0000000780e00000| Untracked 
|  15|0x0000000780f00000, 0x0000000780f00000, 0x0000000781000000|  0%| F|  |TAMS 0x0000000780f00000| PB 0x0000000780f00000| Untracked 
|  16|0x0000000781000000, 0x0000000781000000, 0x0000000781100000|  0%| F|  |TAMS 0x0000000781000000| PB 0x0000000781000000| Untracked 
|  17|0x0000000781100000, 0x0000000781100000, 0x0000000781200000|  0%| F|  |TAMS 0x0000000781100000| PB 0x0000000781100000| Untracked 
|  18|0x0000000781200000, 0x0000000781200000, 0x0000000781300000|  0%| F|  |TAMS 0x0000000781200000| PB 0x0000000781200000| Untracked 
|  19|0x0000000781300000, 0x0000000781300000, 0x0000000781400000|  0%| F|  |TAMS 0x0000000781300000| PB 0x0000000781300000| Untracked 
|  20|0x0000000781400000, 0x0000000781400000, 0x0000000781500000|  0%| F|  |TAMS 0x0000000781400000| PB 0x0000000781400000| Untracked 
|  21|0x0000000781500000, 0x0000000781500000, 0x0000000781600000|  0%| F|  |TAMS 0x0000000781500000| PB 0x0000000781500000| Untracked 
|  22|0x0000000781600000, 0x0000000781600000, 0x0000000781700000|  0%| F|  |TAMS 0x0000000781600000| PB 0x0000000781600000| Untracked 
|  23|0x0000000781700000, 0x0000000781700000, 0x0000000781800000|  0%| F|  |TAMS 0x0000000781700000| PB 0x0000000781700000| Untracked 
|  24|0x0000000781800000, 0x0000000781800000, 0x0000000781900000|  0%| F|  |TAMS 0x0000000781800000| PB 0x0000000781800000| Untracked 
|  25|0x0000000781900000, 0x0000000781900000, 0x0000000781a00000|  0%| F|  |TAMS 0x0000000781900000| PB 0x0000000781900000| Untracked 
|  26|0x0000000781a00000, 0x0000000781a00000, 0x0000000781b00000|  0%| F|  |TAMS 0x0000000781a00000| PB 0x0000000781a00000| Untracked 
|  27|0x0000000781b00000, 0x0000000781b00000, 0x0000000781c00000|  0%| F|  |TAMS 0x0000000781b00000| PB 0x0000000781b00000| Untracked 
|  28|0x0000000781c00000, 0x0000000781c00000, 0x0000000781d00000|  0%| F|  |TAMS 0x0000000781c00000| PB 0x0000000781c00000| Untracked 
|  29|0x0000000781d00000, 0x0000000781d00000, 0x0000000781e00000|  0%| F|  |TAMS 0x0000000781d00000| PB 0x0000000781d00000| Untracked 
|  30|0x0000000781e00000, 0x0000000781e00000, 0x0000000781f00000|  0%| F|  |TAMS 0x0000000781e00000| PB 0x0000000781e00000| Untracked 
|  31|0x0000000781f00000, 0x0000000781f00000, 0x0000000782000000|  0%| F|  |TAMS 0x0000000781f00000| PB 0x0000000781f00000| Untracked 
|  32|0x0000000782000000, 0x0000000782000000, 0x0000000782100000|  0%| F|  |TAMS 0x0000000782000000| PB 0x0000000782000000| Untracked 
|  33|0x0000000782100000, 0x0000000782100000, 0x0000000782200000|  0%| F|  |TAMS 0x0000000782100000| PB 0x0000000782100000| Untracked 
|  34|0x0000000782200000, 0x0000000782200000, 0x0000000782300000|  0%| F|  |TAMS 0x0000000782200000| PB 0x0000000782200000| Untracked 
|  35|0x0000000782300000, 0x0000000782300000, 0x0000000782400000|  0%| F|  |TAMS 0x0000000782300000| PB 0x0000000782300000| Untracked 
|  36|0x0000000782400000, 0x0000000782400000, 0x0000000782500000|  0%| F|  |TAMS 0x0000000782400000| PB 0x0000000782400000| Untracked 
|  37|0x0000000782500000, 0x0000000782500000, 0x0000000782600000|  0%| F|  |TAMS 0x0000000782500000| PB 0x0000000782500000| Untracked 
|  38|0x0000000782600000, 0x0000000782600000, 0x0000000782700000|  0%| F|  |TAMS 0x0000000782600000| PB 0x0000000782600000| Untracked 
|  39|0x0000000782700000, 0x0000000782700000, 0x0000000782800000|  0%| F|  |TAMS 0x0000000782700000| PB 0x0000000782700000| Untracked 
|  40|0x0000000782800000, 0x0000000782800000, 0x0000000782900000|  0%| F|  |TAMS 0x0000000782800000| PB 0x0000000782800000| Untracked 
|  41|0x0000000782900000, 0x0000000782900000, 0x0000000782a00000|  0%| F|  |TAMS 0x0000000782900000| PB 0x0000000782900000| Untracked 
|  42|0x0000000782a00000, 0x0000000782a00000, 0x0000000782b00000|  0%| F|  |TAMS 0x0000000782a00000| PB 0x0000000782a00000| Untracked 
|  43|0x0000000782b00000, 0x0000000782b00000, 0x0000000782c00000|  0%| F|  |TAMS 0x0000000782b00000| PB 0x0000000782b00000| Untracked 
|  44|0x0000000782c00000, 0x0000000782c00000, 0x0000000782d00000|  0%| F|  |TAMS 0x0000000782c00000| PB 0x0000000782c00000| Untracked 
|  45|0x0000000782d00000, 0x0000000782d00000, 0x0000000782e00000|  0%| F|  |TAMS 0x0000000782d00000| PB 0x0000000782d00000| Untracked 
|  46|0x0000000782e00000, 0x0000000782e00000, 0x0000000782f00000|  0%| F|  |TAMS 0x0000000782e00000| PB 0x0000000782e00000| Untracked 
|  47|0x0000000782f00000, 0x0000000782f00000, 0x0000000783000000|  0%| F|  |TAMS 0x0000000782f00000| PB 0x0000000782f00000| Untracked 
|  48|0x0000000783000000, 0x0000000783000000, 0x0000000783100000|  0%| F|  |TAMS 0x0000000783000000| PB 0x0000000783000000| Untracked 
|  49|0x0000000783100000, 0x0000000783100000, 0x0000000783200000|  0%| F|  |TAMS 0x0000000783100000| PB 0x0000000783100000| Untracked 
|  50|0x0000000783200000, 0x0000000783200000, 0x0000000783300000|  0%| F|  |TAMS 0x0000000783200000| PB 0x0000000783200000| Untracked 
|  51|0x0000000783300000, 0x0000000783300000, 0x0000000783400000|  0%| F|  |TAMS 0x0000000783300000| PB 0x0000000783300000| Untracked 
|  52|0x0000000783400000, 0x0000000783400000, 0x0000000783500000|  0%| F|  |TAMS 0x0000000783400000| PB 0x0000000783400000| Untracked 
|  53|0x0000000783500000, 0x0000000783500000, 0x0000000783600000|  0%| F|  |TAMS 0x0000000783500000| PB 0x0000000783500000| Untracked 
|  54|0x0000000783600000, 0x0000000783600000, 0x0000000783700000|  0%| F|  |TAMS 0x0000000783600000| PB 0x0000000783600000| Untracked 
|  55|0x0000000783700000, 0x0000000783700000, 0x0000000783800000|  0%| F|  |TAMS 0x0000000783700000| PB 0x0000000783700000| Untracked 
|  56|0x0000000783800000, 0x0000000783800000, 0x0000000783900000|  0%| F|  |TAMS 0x0000000783800000| PB 0x0000000783800000| Untracked 
|  57|0x0000000783900000, 0x0000000783900000, 0x0000000783a00000|  0%| F|  |TAMS 0x0000000783900000| PB 0x0000000783900000| Untracked 
|  58|0x0000000783a00000, 0x0000000783a00000, 0x0000000783b00000|  0%| F|  |TAMS 0x0000000783a00000| PB 0x0000000783a00000| Untracked 
|  59|0x0000000783b00000, 0x0000000783b00000, 0x0000000783c00000|  0%| F|  |TAMS 0x0000000783b00000| PB 0x0000000783b00000| Untracked 
|  60|0x0000000783c00000, 0x0000000783c00000, 0x0000000783d00000|  0%| F|  |TAMS 0x0000000783c00000| PB 0x0000000783c00000| Untracked 
|  61|0x0000000783d00000, 0x0000000783d00000, 0x0000000783e00000|  0%| F|  |TAMS 0x0000000783d00000| PB 0x0000000783d00000| Untracked 
|  62|0x0000000783e00000, 0x0000000783e00000, 0x0000000783f00000|  0%| F|  |TAMS 0x0000000783e00000| PB 0x0000000783e00000| Untracked 
|  63|0x0000000783f00000, 0x0000000783f00000, 0x0000000784000000|  0%| F|  |TAMS 0x0000000783f00000| PB 0x0000000783f00000| Untracked 
|  64|0x0000000784000000, 0x0000000784000000, 0x0000000784100000|  0%| F|  |TAMS 0x0000000784000000| PB 0x0000000784000000| Untracked 
|  65|0x0000000784100000, 0x0000000784100000, 0x0000000784200000|  0%| F|  |TAMS 0x0000000784100000| PB 0x0000000784100000| Untracked 
|  66|0x0000000784200000, 0x0000000784200000, 0x0000000784300000|  0%| F|  |TAMS 0x0000000784200000| PB 0x0000000784200000| Untracked 
|  67|0x0000000784300000, 0x0000000784300000, 0x0000000784400000|  0%| F|  |TAMS 0x0000000784300000| PB 0x0000000784300000| Untracked 
|  68|0x0000000784400000, 0x0000000784400000, 0x0000000784500000|  0%| F|  |TAMS 0x0000000784400000| PB 0x0000000784400000| Untracked 
|  69|0x0000000784500000, 0x0000000784500000, 0x0000000784600000|  0%| F|  |TAMS 0x0000000784500000| PB 0x0000000784500000| Untracked 
|  70|0x0000000784600000, 0x0000000784600000, 0x0000000784700000|  0%| F|  |TAMS 0x0000000784600000| PB 0x0000000784600000| Untracked 
|  71|0x0000000784700000, 0x0000000784700000, 0x0000000784800000|  0%| F|  |TAMS 0x0000000784700000| PB 0x0000000784700000| Untracked 
|  72|0x0000000784800000, 0x0000000784800000, 0x0000000784900000|  0%| F|  |TAMS 0x0000000784800000| PB 0x0000000784800000| Untracked 
|  73|0x0000000784900000, 0x0000000784900000, 0x0000000784a00000|  0%| F|  |TAMS 0x0000000784900000| PB 0x0000000784900000| Untracked 
|  74|0x0000000784a00000, 0x0000000784a00000, 0x0000000784b00000|  0%| F|  |TAMS 0x0000000784a00000| PB 0x0000000784a00000| Untracked 
|  75|0x0000000784b00000, 0x0000000784b00000, 0x0000000784c00000|  0%| F|  |TAMS 0x0000000784b00000| PB 0x0000000784b00000| Untracked 
|  76|0x0000000784c00000, 0x0000000784c00000, 0x0000000784d00000|  0%| F|  |TAMS 0x0000000784c00000| PB 0x0000000784c00000| Untracked 
|  77|0x0000000784d00000, 0x0000000784d00000, 0x0000000784e00000|  0%| F|  |TAMS 0x0000000784d00000| PB 0x0000000784d00000| Untracked 
|  78|0x0000000784e00000, 0x0000000784e00000, 0x0000000784f00000|  0%| F|  |TAMS 0x0000000784e00000| PB 0x0000000784e00000| Untracked 
|  79|0x0000000784f00000, 0x0000000784f00000, 0x0000000785000000|  0%| F|  |TAMS 0x0000000784f00000| PB 0x0000000784f00000| Untracked 
|  80|0x0000000785000000, 0x0000000785000000, 0x0000000785100000|  0%| F|  |TAMS 0x0000000785000000| PB 0x0000000785000000| Untracked 
|  81|0x0000000785100000, 0x0000000785100000, 0x0000000785200000|  0%| F|  |TAMS 0x0000000785100000| PB 0x0000000785100000| Untracked 
|  82|0x0000000785200000, 0x0000000785200000, 0x0000000785300000|  0%| F|  |TAMS 0x0000000785200000| PB 0x0000000785200000| Untracked 
|  83|0x0000000785300000, 0x0000000785300000, 0x0000000785400000|  0%| F|  |TAMS 0x0000000785300000| PB 0x0000000785300000| Untracked 
|  84|0x0000000785400000, 0x0000000785400000, 0x0000000785500000|  0%| F|  |TAMS 0x0000000785400000| PB 0x0000000785400000| Untracked 
|  85|0x0000000785500000, 0x0000000785500000, 0x0000000785600000|  0%| F|  |TAMS 0x0000000785500000| PB 0x0000000785500000| Untracked 
|  86|0x0000000785600000, 0x0000000785600000, 0x0000000785700000|  0%| F|  |TAMS 0x0000000785600000| PB 0x0000000785600000| Untracked 
|  87|0x0000000785700000, 0x0000000785700000, 0x0000000785800000|  0%| F|  |TAMS 0x0000000785700000| PB 0x0000000785700000| Untracked 
|  88|0x0000000785800000, 0x0000000785800000, 0x0000000785900000|  0%| F|  |TAMS 0x0000000785800000| PB 0x0000000785800000| Untracked 
|  89|0x0000000785900000, 0x0000000785900000, 0x0000000785a00000|  0%| F|  |TAMS 0x0000000785900000| PB 0x0000000785900000| Untracked 
|  90|0x0000000785a00000, 0x0000000785a00000, 0x0000000785b00000|  0%| F|  |TAMS 0x0000000785a00000| PB 0x0000000785a00000| Untracked 
|  91|0x0000000785b00000, 0x0000000785b00000, 0x0000000785c00000|  0%| F|  |TAMS 0x0000000785b00000| PB 0x0000000785b00000| Untracked 
|  92|0x0000000785c00000, 0x0000000785c00000, 0x0000000785d00000|  0%| F|  |TAMS 0x0000000785c00000| PB 0x0000000785c00000| Untracked 
|  93|0x0000000785d00000, 0x0000000785d00000, 0x0000000785e00000|  0%| F|  |TAMS 0x0000000785d00000| PB 0x0000000785d00000| Untracked 
|  94|0x0000000785e00000, 0x0000000785e00000, 0x0000000785f00000|  0%| F|  |TAMS 0x0000000785e00000| PB 0x0000000785e00000| Untracked 
|  95|0x0000000785f00000, 0x0000000785f00000, 0x0000000786000000|  0%| F|  |TAMS 0x0000000785f00000| PB 0x0000000785f00000| Untracked 
|  96|0x0000000786000000, 0x0000000786000000, 0x0000000786100000|  0%| F|  |TAMS 0x0000000786000000| PB 0x0000000786000000| Untracked 
|  97|0x0000000786100000, 0x0000000786100000, 0x0000000786200000|  0%| F|  |TAMS 0x0000000786100000| PB 0x0000000786100000| Untracked 
|  98|0x0000000786200000, 0x0000000786200000, 0x0000000786300000|  0%| F|  |TAMS 0x0000000786200000| PB 0x0000000786200000| Untracked 
|  99|0x0000000786300000, 0x0000000786300000, 0x0000000786400000|  0%| F|  |TAMS 0x0000000786300000| PB 0x0000000786300000| Untracked 
| 100|0x0000000786400000, 0x0000000786400000, 0x0000000786500000|  0%| F|  |TAMS 0x0000000786400000| PB 0x0000000786400000| Untracked 
| 101|0x0000000786500000, 0x0000000786500000, 0x0000000786600000|  0%| F|  |TAMS 0x0000000786500000| PB 0x0000000786500000| Untracked 
| 102|0x0000000786600000, 0x0000000786600000, 0x0000000786700000|  0%| F|  |TAMS 0x0000000786600000| PB 0x0000000786600000| Untracked 
| 103|0x0000000786700000, 0x0000000786700000, 0x0000000786800000|  0%| F|  |TAMS 0x0000000786700000| PB 0x0000000786700000| Untracked 
| 104|0x0000000786800000, 0x0000000786800000, 0x0000000786900000|  0%| F|  |TAMS 0x0000000786800000| PB 0x0000000786800000| Untracked 
| 105|0x0000000786900000, 0x0000000786900000, 0x0000000786a00000|  0%| F|  |TAMS 0x0000000786900000| PB 0x0000000786900000| Untracked 
| 106|0x0000000786a00000, 0x0000000786a00000, 0x0000000786b00000|  0%| F|  |TAMS 0x0000000786a00000| PB 0x0000000786a00000| Untracked 
| 107|0x0000000786b00000, 0x0000000786b00000, 0x0000000786c00000|  0%| F|  |TAMS 0x0000000786b00000| PB 0x0000000786b00000| Untracked 
| 108|0x0000000786c00000, 0x0000000786c00000, 0x0000000786d00000|  0%| F|  |TAMS 0x0000000786c00000| PB 0x0000000786c00000| Untracked 
| 109|0x0000000786d00000, 0x0000000786d00000, 0x0000000786e00000|  0%| F|  |TAMS 0x0000000786d00000| PB 0x0000000786d00000| Untracked 
| 110|0x0000000786e00000, 0x0000000786e00000, 0x0000000786f00000|  0%| F|  |TAMS 0x0000000786e00000| PB 0x0000000786e00000| Untracked 
| 111|0x0000000786f00000, 0x0000000786f00000, 0x0000000787000000|  0%| F|  |TAMS 0x0000000786f00000| PB 0x0000000786f00000| Untracked 
| 112|0x0000000787000000, 0x0000000787000000, 0x0000000787100000|  0%| F|  |TAMS 0x0000000787000000| PB 0x0000000787000000| Untracked 
| 113|0x0000000787100000, 0x0000000787100000, 0x0000000787200000|  0%| F|  |TAMS 0x0000000787100000| PB 0x0000000787100000| Untracked 
| 114|0x0000000787200000, 0x0000000787200000, 0x0000000787300000|  0%| F|  |TAMS 0x0000000787200000| PB 0x0000000787200000| Untracked 
| 115|0x0000000787300000, 0x0000000787300000, 0x0000000787400000|  0%| F|  |TAMS 0x0000000787300000| PB 0x0000000787300000| Untracked 
| 116|0x0000000787400000, 0x0000000787400000, 0x0000000787500000|  0%| F|  |TAMS 0x0000000787400000| PB 0x0000000787400000| Untracked 
| 117|0x0000000787500000, 0x0000000787500000, 0x0000000787600000|  0%| F|  |TAMS 0x0000000787500000| PB 0x0000000787500000| Untracked 
| 118|0x0000000787600000, 0x0000000787600000, 0x0000000787700000|  0%| F|  |TAMS 0x0000000787600000| PB 0x0000000787600000| Untracked 
| 119|0x0000000787700000, 0x0000000787700000, 0x0000000787800000|  0%| F|  |TAMS 0x0000000787700000| PB 0x0000000787700000| Untracked 
| 120|0x0000000787800000, 0x0000000787800000, 0x0000000787900000|  0%| F|  |TAMS 0x0000000787800000| PB 0x0000000787800000| Untracked 
| 121|0x0000000787900000, 0x0000000787900000, 0x0000000787a00000|  0%| F|  |TAMS 0x0000000787900000| PB 0x0000000787900000| Untracked 
| 122|0x0000000787a00000, 0x0000000787a00000, 0x0000000787b00000|  0%| F|  |TAMS 0x0000000787a00000| PB 0x0000000787a00000| Untracked 
| 123|0x0000000787b00000, 0x0000000787b00000, 0x0000000787c00000|  0%| F|  |TAMS 0x0000000787b00000| PB 0x0000000787b00000| Untracked 
| 124|0x0000000787c00000, 0x0000000787c00000, 0x0000000787d00000|  0%| F|  |TAMS 0x0000000787c00000| PB 0x0000000787c00000| Untracked 
| 125|0x0000000787d00000, 0x0000000787d00000, 0x0000000787e00000|  0%| F|  |TAMS 0x0000000787d00000| PB 0x0000000787d00000| Untracked 
| 126|0x0000000787e00000, 0x0000000787e00000, 0x0000000787f00000|  0%| F|  |TAMS 0x0000000787e00000| PB 0x0000000787e00000| Untracked 
| 127|0x0000000787f00000, 0x0000000787f00000, 0x0000000788000000|  0%| F|  |TAMS 0x0000000787f00000| PB 0x0000000787f00000| Untracked 
| 128|0x0000000788000000, 0x0000000788000000, 0x0000000788100000|  0%| F|  |TAMS 0x0000000788000000| PB 0x0000000788000000| Untracked 
| 129|0x0000000788100000, 0x0000000788100000, 0x0000000788200000|  0%| F|  |TAMS 0x0000000788100000| PB 0x0000000788100000| Untracked 
| 130|0x0000000788200000, 0x0000000788200000, 0x0000000788300000|  0%| F|  |TAMS 0x0000000788200000| PB 0x0000000788200000| Untracked 
| 131|0x0000000788300000, 0x0000000788300000, 0x0000000788400000|  0%| F|  |TAMS 0x0000000788300000| PB 0x0000000788300000| Untracked 
| 132|0x0000000788400000, 0x0000000788400000, 0x0000000788500000|  0%| F|  |TAMS 0x0000000788400000| PB 0x0000000788400000| Untracked 
| 133|0x0000000788500000, 0x0000000788500000, 0x0000000788600000|  0%| F|  |TAMS 0x0000000788500000| PB 0x0000000788500000| Untracked 
| 134|0x0000000788600000, 0x0000000788600000, 0x0000000788700000|  0%| F|  |TAMS 0x0000000788600000| PB 0x0000000788600000| Untracked 
| 135|0x0000000788700000, 0x0000000788700000, 0x0000000788800000|  0%| F|  |TAMS 0x0000000788700000| PB 0x0000000788700000| Untracked 
| 136|0x0000000788800000, 0x0000000788800000, 0x0000000788900000|  0%| F|  |TAMS 0x0000000788800000| PB 0x0000000788800000| Untracked 
| 137|0x0000000788900000, 0x0000000788900000, 0x0000000788a00000|  0%| F|  |TAMS 0x0000000788900000| PB 0x0000000788900000| Untracked 
| 138|0x0000000788a00000, 0x0000000788a00000, 0x0000000788b00000|  0%| F|  |TAMS 0x0000000788a00000| PB 0x0000000788a00000| Untracked 
| 139|0x0000000788b00000, 0x0000000788b00000, 0x0000000788c00000|  0%| F|  |TAMS 0x0000000788b00000| PB 0x0000000788b00000| Untracked 
| 140|0x0000000788c00000, 0x0000000788c00000, 0x0000000788d00000|  0%| F|  |TAMS 0x0000000788c00000| PB 0x0000000788c00000| Untracked 
| 141|0x0000000788d00000, 0x0000000788d00000, 0x0000000788e00000|  0%| F|  |TAMS 0x0000000788d00000| PB 0x0000000788d00000| Untracked 
| 142|0x0000000788e00000, 0x0000000788e00000, 0x0000000788f00000|  0%| F|  |TAMS 0x0000000788e00000| PB 0x0000000788e00000| Untracked 
| 143|0x0000000788f00000, 0x0000000788f00000, 0x0000000789000000|  0%| F|  |TAMS 0x0000000788f00000| PB 0x0000000788f00000| Untracked 
| 144|0x0000000789000000, 0x0000000789000000, 0x0000000789100000|  0%| F|  |TAMS 0x0000000789000000| PB 0x0000000789000000| Untracked 
| 145|0x0000000789100000, 0x0000000789100000, 0x0000000789200000|  0%| F|  |TAMS 0x0000000789100000| PB 0x0000000789100000| Untracked 
| 146|0x0000000789200000, 0x0000000789200000, 0x0000000789300000|  0%| F|  |TAMS 0x0000000789200000| PB 0x0000000789200000| Untracked 
| 147|0x0000000789300000, 0x0000000789300000, 0x0000000789400000|  0%| F|  |TAMS 0x0000000789300000| PB 0x0000000789300000| Untracked 
| 148|0x0000000789400000, 0x0000000789400000, 0x0000000789500000|  0%| F|  |TAMS 0x0000000789400000| PB 0x0000000789400000| Untracked 
| 149|0x0000000789500000, 0x0000000789500000, 0x0000000789600000|  0%| F|  |TAMS 0x0000000789500000| PB 0x0000000789500000| Untracked 
| 150|0x0000000789600000, 0x0000000789600000, 0x0000000789700000|  0%| F|  |TAMS 0x0000000789600000| PB 0x0000000789600000| Untracked 
| 151|0x0000000789700000, 0x0000000789700000, 0x0000000789800000|  0%| F|  |TAMS 0x0000000789700000| PB 0x0000000789700000| Untracked 
| 152|0x0000000789800000, 0x0000000789800000, 0x0000000789900000|  0%| F|  |TAMS 0x0000000789800000| PB 0x0000000789800000| Untracked 
| 153|0x0000000789900000, 0x0000000789900000, 0x0000000789a00000|  0%| F|  |TAMS 0x0000000789900000| PB 0x0000000789900000| Untracked 
| 154|0x0000000789a00000, 0x0000000789a00000, 0x0000000789b00000|  0%| F|  |TAMS 0x0000000789a00000| PB 0x0000000789a00000| Untracked 
| 155|0x0000000789b00000, 0x0000000789b00000, 0x0000000789c00000|  0%| F|  |TAMS 0x0000000789b00000| PB 0x0000000789b00000| Untracked 
| 156|0x0000000789c00000, 0x0000000789c00000, 0x0000000789d00000|  0%| F|  |TAMS 0x0000000789c00000| PB 0x0000000789c00000| Untracked 
| 157|0x0000000789d00000, 0x0000000789d00000, 0x0000000789e00000|  0%| F|  |TAMS 0x0000000789d00000| PB 0x0000000789d00000| Untracked 
| 158|0x0000000789e00000, 0x0000000789e00000, 0x0000000789f00000|  0%| F|  |TAMS 0x0000000789e00000| PB 0x0000000789e00000| Untracked 
| 159|0x0000000789f00000, 0x0000000789f00000, 0x000000078a000000|  0%| F|  |TAMS 0x0000000789f00000| PB 0x0000000789f00000| Untracked 
| 160|0x000000078a000000, 0x000000078a000000, 0x000000078a100000|  0%| F|  |TAMS 0x000000078a000000| PB 0x000000078a000000| Untracked 
| 161|0x000000078a100000, 0x000000078a100000, 0x000000078a200000|  0%| F|  |TAMS 0x000000078a100000| PB 0x000000078a100000| Untracked 
| 162|0x000000078a200000, 0x000000078a200000, 0x000000078a300000|  0%| F|  |TAMS 0x000000078a200000| PB 0x000000078a200000| Untracked 
| 163|0x000000078a300000, 0x000000078a300000, 0x000000078a400000|  0%| F|  |TAMS 0x000000078a300000| PB 0x000000078a300000| Untracked 
| 164|0x000000078a400000, 0x000000078a400000, 0x000000078a500000|  0%| F|  |TAMS 0x000000078a400000| PB 0x000000078a400000| Untracked 
| 165|0x000000078a500000, 0x000000078a500000, 0x000000078a600000|  0%| F|  |TAMS 0x000000078a500000| PB 0x000000078a500000| Untracked 
| 166|0x000000078a600000, 0x000000078a600000, 0x000000078a700000|  0%| F|  |TAMS 0x000000078a600000| PB 0x000000078a600000| Untracked 
| 167|0x000000078a700000, 0x000000078a700000, 0x000000078a800000|  0%| F|  |TAMS 0x000000078a700000| PB 0x000000078a700000| Untracked 
| 168|0x000000078a800000, 0x000000078a800000, 0x000000078a900000|  0%| F|  |TAMS 0x000000078a800000| PB 0x000000078a800000| Untracked 
| 169|0x000000078a900000, 0x000000078a900000, 0x000000078aa00000|  0%| F|  |TAMS 0x000000078a900000| PB 0x000000078a900000| Untracked 
| 170|0x000000078aa00000, 0x000000078aa00000, 0x000000078ab00000|  0%| F|  |TAMS 0x000000078aa00000| PB 0x000000078aa00000| Untracked 
| 171|0x000000078ab00000, 0x000000078ab00000, 0x000000078ac00000|  0%| F|  |TAMS 0x000000078ab00000| PB 0x000000078ab00000| Untracked 
| 172|0x000000078ac00000, 0x000000078ac00000, 0x000000078ad00000|  0%| F|  |TAMS 0x000000078ac00000| PB 0x000000078ac00000| Untracked 
| 173|0x000000078ad00000, 0x000000078ad00000, 0x000000078ae00000|  0%| F|  |TAMS 0x000000078ad00000| PB 0x000000078ad00000| Untracked 
| 174|0x000000078ae00000, 0x000000078ae00000, 0x000000078af00000|  0%| F|  |TAMS 0x000000078ae00000| PB 0x000000078ae00000| Untracked 
| 175|0x000000078af00000, 0x000000078af00000, 0x000000078b000000|  0%| F|  |TAMS 0x000000078af00000| PB 0x000000078af00000| Untracked 
| 176|0x000000078b000000, 0x000000078b000000, 0x000000078b100000|  0%| F|  |TAMS 0x000000078b000000| PB 0x000000078b000000| Untracked 
| 177|0x000000078b100000, 0x000000078b100000, 0x000000078b200000|  0%| F|  |TAMS 0x000000078b100000| PB 0x000000078b100000| Untracked 
| 178|0x000000078b200000, 0x000000078b200000, 0x000000078b300000|  0%| F|  |TAMS 0x000000078b200000| PB 0x000000078b200000| Untracked 
| 179|0x000000078b300000, 0x000000078b300000, 0x000000078b400000|  0%| F|  |TAMS 0x000000078b300000| PB 0x000000078b300000| Untracked 
| 180|0x000000078b400000, 0x000000078b400000, 0x000000078b500000|  0%| F|  |TAMS 0x000000078b400000| PB 0x000000078b400000| Untracked 
| 181|0x000000078b500000, 0x000000078b500000, 0x000000078b600000|  0%| F|  |TAMS 0x000000078b500000| PB 0x000000078b500000| Untracked 
| 182|0x000000078b600000, 0x000000078b600000, 0x000000078b700000|  0%| F|  |TAMS 0x000000078b600000| PB 0x000000078b600000| Untracked 
| 183|0x000000078b700000, 0x000000078b700000, 0x000000078b800000|  0%| F|  |TAMS 0x000000078b700000| PB 0x000000078b700000| Untracked 
| 184|0x000000078b800000, 0x000000078b800000, 0x000000078b900000|  0%| F|  |TAMS 0x000000078b800000| PB 0x000000078b800000| Untracked 
| 185|0x000000078b900000, 0x000000078b900000, 0x000000078ba00000|  0%| F|  |TAMS 0x000000078b900000| PB 0x000000078b900000| Untracked 
| 186|0x000000078ba00000, 0x000000078ba00000, 0x000000078bb00000|  0%| F|  |TAMS 0x000000078ba00000| PB 0x000000078ba00000| Untracked 
| 187|0x000000078bb00000, 0x000000078bb00000, 0x000000078bc00000|  0%| F|  |TAMS 0x000000078bb00000| PB 0x000000078bb00000| Untracked 
| 188|0x000000078bc00000, 0x000000078bc00000, 0x000000078bd00000|  0%| F|  |TAMS 0x000000078bc00000| PB 0x000000078bc00000| Untracked 
| 189|0x000000078bd00000, 0x000000078bd00000, 0x000000078be00000|  0%| F|  |TAMS 0x000000078bd00000| PB 0x000000078bd00000| Untracked 
| 190|0x000000078be00000, 0x000000078be00000, 0x000000078bf00000|  0%| F|  |TAMS 0x000000078be00000| PB 0x000000078be00000| Untracked 
| 191|0x000000078bf00000, 0x000000078bf00000, 0x000000078c000000|  0%| F|  |TAMS 0x000000078bf00000| PB 0x000000078bf00000| Untracked 
| 192|0x000000078c000000, 0x000000078c000000, 0x000000078c100000|  0%| F|  |TAMS 0x000000078c000000| PB 0x000000078c000000| Untracked 
| 193|0x000000078c100000, 0x000000078c100000, 0x000000078c200000|  0%| F|  |TAMS 0x000000078c100000| PB 0x000000078c100000| Untracked 
| 194|0x000000078c200000, 0x000000078c200000, 0x000000078c300000|  0%| F|  |TAMS 0x000000078c200000| PB 0x000000078c200000| Untracked 
| 195|0x000000078c300000, 0x000000078c300000, 0x000000078c400000|  0%| F|  |TAMS 0x000000078c300000| PB 0x000000078c300000| Untracked 
| 196|0x000000078c400000, 0x000000078c400000, 0x000000078c500000|  0%| F|  |TAMS 0x000000078c400000| PB 0x000000078c400000| Untracked 
| 197|0x000000078c500000, 0x000000078c500000, 0x000000078c600000|  0%| F|  |TAMS 0x000000078c500000| PB 0x000000078c500000| Untracked 
| 198|0x000000078c600000, 0x000000078c600000, 0x000000078c700000|  0%| F|  |TAMS 0x000000078c600000| PB 0x000000078c600000| Untracked 
| 199|0x000000078c700000, 0x000000078c700000, 0x000000078c800000|  0%| F|  |TAMS 0x000000078c700000| PB 0x000000078c700000| Untracked 
| 200|0x000000078c800000, 0x000000078c800000, 0x000000078c900000|  0%| F|  |TAMS 0x000000078c800000| PB 0x000000078c800000| Untracked 
| 201|0x000000078c900000, 0x000000078c900000, 0x000000078ca00000|  0%| F|  |TAMS 0x000000078c900000| PB 0x000000078c900000| Untracked 
| 202|0x000000078ca00000, 0x000000078ca00000, 0x000000078cb00000|  0%| F|  |TAMS 0x000000078ca00000| PB 0x000000078ca00000| Untracked 
| 203|0x000000078cb00000, 0x000000078cb00000, 0x000000078cc00000|  0%| F|  |TAMS 0x000000078cb00000| PB 0x000000078cb00000| Untracked 
| 204|0x000000078cc00000, 0x000000078cc00000, 0x000000078cd00000|  0%| F|  |TAMS 0x000000078cc00000| PB 0x000000078cc00000| Untracked 
| 205|0x000000078cd00000, 0x000000078cd00000, 0x000000078ce00000|  0%| F|  |TAMS 0x000000078cd00000| PB 0x000000078cd00000| Untracked 
| 206|0x000000078ce00000, 0x000000078ce00000, 0x000000078cf00000|  0%| F|  |TAMS 0x000000078ce00000| PB 0x000000078ce00000| Untracked 
| 207|0x000000078cf00000, 0x000000078cf00000, 0x000000078d000000|  0%| F|  |TAMS 0x000000078cf00000| PB 0x000000078cf00000| Untracked 
| 208|0x000000078d000000, 0x000000078d000000, 0x000000078d100000|  0%| F|  |TAMS 0x000000078d000000| PB 0x000000078d000000| Untracked 
| 209|0x000000078d100000, 0x000000078d100000, 0x000000078d200000|  0%| F|  |TAMS 0x000000078d100000| PB 0x000000078d100000| Untracked 
| 210|0x000000078d200000, 0x000000078d200000, 0x000000078d300000|  0%| F|  |TAMS 0x000000078d200000| PB 0x000000078d200000| Untracked 
| 211|0x000000078d300000, 0x000000078d300000, 0x000000078d400000|  0%| F|  |TAMS 0x000000078d300000| PB 0x000000078d300000| Untracked 
| 212|0x000000078d400000, 0x000000078d400000, 0x000000078d500000|  0%| F|  |TAMS 0x000000078d400000| PB 0x000000078d400000| Untracked 
| 213|0x000000078d500000, 0x000000078d500000, 0x000000078d600000|  0%| F|  |TAMS 0x000000078d500000| PB 0x000000078d500000| Untracked 
| 214|0x000000078d600000, 0x000000078d600000, 0x000000078d700000|  0%| F|  |TAMS 0x000000078d600000| PB 0x000000078d600000| Untracked 
| 215|0x000000078d700000, 0x000000078d700000, 0x000000078d800000|  0%| F|  |TAMS 0x000000078d700000| PB 0x000000078d700000| Untracked 
| 216|0x000000078d800000, 0x000000078d800000, 0x000000078d900000|  0%| F|  |TAMS 0x000000078d800000| PB 0x000000078d800000| Untracked 
| 217|0x000000078d900000, 0x000000078d900000, 0x000000078da00000|  0%| F|  |TAMS 0x000000078d900000| PB 0x000000078d900000| Untracked 
| 218|0x000000078da00000, 0x000000078da00000, 0x000000078db00000|  0%| F|  |TAMS 0x000000078da00000| PB 0x000000078da00000| Untracked 
| 219|0x000000078db00000, 0x000000078db00000, 0x000000078dc00000|  0%| F|  |TAMS 0x000000078db00000| PB 0x000000078db00000| Untracked 
| 220|0x000000078dc00000, 0x000000078dc00000, 0x000000078dd00000|  0%| F|  |TAMS 0x000000078dc00000| PB 0x000000078dc00000| Untracked 
| 221|0x000000078dd00000, 0x000000078dd00000, 0x000000078de00000|  0%| F|  |TAMS 0x000000078dd00000| PB 0x000000078dd00000| Untracked 
| 222|0x000000078de00000, 0x000000078de00000, 0x000000078df00000|  0%| F|  |TAMS 0x000000078de00000| PB 0x000000078de00000| Untracked 
| 223|0x000000078df00000, 0x000000078df00000, 0x000000078e000000|  0%| F|  |TAMS 0x000000078df00000| PB 0x000000078df00000| Untracked 
| 224|0x000000078e000000, 0x000000078e000000, 0x000000078e100000|  0%| F|  |TAMS 0x000000078e000000| PB 0x000000078e000000| Untracked 
| 225|0x000000078e100000, 0x000000078e100000, 0x000000078e200000|  0%| F|  |TAMS 0x000000078e100000| PB 0x000000078e100000| Untracked 
| 226|0x000000078e200000, 0x000000078e200000, 0x000000078e300000|  0%| F|  |TAMS 0x000000078e200000| PB 0x000000078e200000| Untracked 
| 227|0x000000078e300000, 0x000000078e300000, 0x000000078e400000|  0%| F|  |TAMS 0x000000078e300000| PB 0x000000078e300000| Untracked 
| 228|0x000000078e400000, 0x000000078e400000, 0x000000078e500000|  0%| F|  |TAMS 0x000000078e400000| PB 0x000000078e400000| Untracked 
| 229|0x000000078e500000, 0x000000078e500000, 0x000000078e600000|  0%| F|  |TAMS 0x000000078e500000| PB 0x000000078e500000| Untracked 
| 230|0x000000078e600000, 0x000000078e600000, 0x000000078e700000|  0%| F|  |TAMS 0x000000078e600000| PB 0x000000078e600000| Untracked 
| 231|0x000000078e700000, 0x000000078e700000, 0x000000078e800000|  0%| F|  |TAMS 0x000000078e700000| PB 0x000000078e700000| Untracked 
| 232|0x000000078e800000, 0x000000078e800000, 0x000000078e900000|  0%| F|  |TAMS 0x000000078e800000| PB 0x000000078e800000| Untracked 
| 233|0x000000078e900000, 0x000000078e900000, 0x000000078ea00000|  0%| F|  |TAMS 0x000000078e900000| PB 0x000000078e900000| Untracked 
| 234|0x000000078ea00000, 0x000000078ea00000, 0x000000078eb00000|  0%| F|  |TAMS 0x000000078ea00000| PB 0x000000078ea00000| Untracked 
| 235|0x000000078eb00000, 0x000000078eb78b90, 0x000000078ec00000| 47%| S|CS|TAMS 0x000000078eb00000| PB 0x000000078eb00000| Complete 
| 236|0x000000078ec00000, 0x000000078ed00000, 0x000000078ed00000|100%| S|CS|TAMS 0x000000078ec00000| PB 0x000000078ec00000| Complete 
| 237|0x000000078ed00000, 0x000000078ee00000, 0x000000078ee00000|100%| S|CS|TAMS 0x000000078ed00000| PB 0x000000078ed00000| Complete 
| 238|0x000000078ee00000, 0x000000078ee00000, 0x000000078ef00000|  0%| F|  |TAMS 0x000000078ee00000| PB 0x000000078ee00000| Untracked 
| 239|0x000000078ef00000, 0x000000078ef00000, 0x000000078f000000|  0%| F|  |TAMS 0x000000078ef00000| PB 0x000000078ef00000| Untracked 
| 240|0x000000078f000000, 0x000000078f000000, 0x000000078f100000|  0%| F|  |TAMS 0x000000078f000000| PB 0x000000078f000000| Untracked 
| 241|0x000000078f100000, 0x000000078f100000, 0x000000078f200000|  0%| F|  |TAMS 0x000000078f100000| PB 0x000000078f100000| Untracked 
| 242|0x000000078f200000, 0x000000078f200000, 0x000000078f300000|  0%| F|  |TAMS 0x000000078f200000| PB 0x000000078f200000| Untracked 
| 243|0x000000078f300000, 0x000000078f300000, 0x000000078f400000|  0%| F|  |TAMS 0x000000078f300000| PB 0x000000078f300000| Untracked 
| 244|0x000000078f400000, 0x000000078f400000, 0x000000078f500000|  0%| F|  |TAMS 0x000000078f400000| PB 0x000000078f400000| Untracked 
| 245|0x000000078f500000, 0x000000078f500000, 0x000000078f600000|  0%| F|  |TAMS 0x000000078f500000| PB 0x000000078f500000| Untracked 
| 246|0x000000078f600000, 0x000000078f600000, 0x000000078f700000|  0%| F|  |TAMS 0x000000078f600000| PB 0x000000078f600000| Untracked 
| 247|0x000000078f700000, 0x000000078f700000, 0x000000078f800000|  0%| F|  |TAMS 0x000000078f700000| PB 0x000000078f700000| Untracked 
| 248|0x000000078f800000, 0x000000078f800000, 0x000000078f900000|  0%| F|  |TAMS 0x000000078f800000| PB 0x000000078f800000| Untracked 
| 249|0x000000078f900000, 0x000000078f900000, 0x000000078fa00000|  0%| F|  |TAMS 0x000000078f900000| PB 0x000000078f900000| Untracked 
| 250|0x000000078fa00000, 0x000000078fa00000, 0x000000078fb00000|  0%| F|  |TAMS 0x000000078fa00000| PB 0x000000078fa00000| Untracked 
| 251|0x000000078fb00000, 0x000000078fb919e8, 0x000000078fc00000| 56%| E|  |TAMS 0x000000078fb00000| PB 0x000000078fb00000| Complete 
| 252|0x000000078fc00000, 0x000000078fd00000, 0x000000078fd00000|100%| E|CS|TAMS 0x000000078fc00000| PB 0x000000078fc00000| Complete 
| 253|0x000000078fd00000, 0x000000078fe00000, 0x000000078fe00000|100%| E|CS|TAMS 0x000000078fd00000| PB 0x000000078fd00000| Complete 
| 254|0x000000078fe00000, 0x000000078ff00000, 0x000000078ff00000|100%| E|CS|TAMS 0x000000078fe00000| PB 0x000000078fe00000| Complete 
| 255|0x000000078ff00000, 0x0000000790000000, 0x0000000790000000|100%| E|CS|TAMS 0x000000078ff00000| PB 0x000000078ff00000| Complete 

Card table byte_map: [0x0000000106890000,0x0000000106c90000] _byte_map_base: 0x0000000102c90000

Marking Bits: (CMBitMap*) 0x00007fc17b008810
 Bits: [0x000000012b66c000, 0x000000012d66c000)

Polling page: 0x0000000105fcd000

Metaspace:

Usage:
  Non-class:     18.23 MB used.
      Class:      1.99 MB used.
       Both:     20.22 MB used.

Virtual space:
  Non-class space:       64.00 MB reserved,      18.38 MB ( 29%) committed,  1 nodes.
      Class space:        1.00 GB reserved,       2.12 MB ( <1%) committed,  1 nodes.
             Both:        1.06 GB reserved,      20.50 MB (  2%) committed. 

Chunk freelists:
   Non-Class:  13.17 MB
       Class:  13.92 MB
        Both:  27.09 MB

MaxMetaspaceSize: unlimited
CompressedClassSpaceSize: 1.00 GB
Initial GC threshold: 21.00 MB
Current GC threshold: 21.00 MB
CDS: off
 - commit_granule_bytes: 65536.
 - commit_granule_words: 8192.
 - virtual_space_node_default_size: 8388608.
 - enlarge_chunks_in_place: 1.
 - use_allocation_guard: 0.


Internal statistics:

num_allocs_failed_limit: 0.
num_arena_births: 228.
num_arena_deaths: 0.
num_vsnodes_births: 2.
num_vsnodes_deaths: 0.
num_space_committed: 328.
num_space_uncommitted: 0.
num_chunks_returned_to_freelist: 0.
num_chunks_taken_from_freelist: 649.
num_chunk_merges: 0.
num_chunk_splits: 439.
num_chunks_enlarged: 325.
num_inconsistent_stats: 0.

CodeHeap 'non-profiled nmethods': size=259300Kb used=415Kb max_used=415Kb free=258884Kb
 bounds [0x000000011b933000, 0x000000011bba3000, 0x000000012b66c000]
CodeHeap 'profiled nmethods': size=259296Kb used=1778Kb max_used=1778Kb free=257517Kb
 bounds [0x000000010b66c000, 0x000000010b8dc000, 0x000000011b3a4000]
CodeHeap 'non-nmethods': size=5692Kb used=1423Kb max_used=1432Kb free=4269Kb
 bounds [0x000000011b3a4000, 0x000000011b614000, 0x000000011b933000]
CodeCache: size=524288Kb, used=3616Kb, max_used=3625Kb, free=520670Kb
 total_blobs=1729, nmethods=1181, adapters=454, full_count=0
Compilation: enabled, stopped_count=0, restarted_count=0

Compilation events (20 events):
Event: 1.558 Thread 0x00007fc17a85e600 1066       3       kotlinx.collections.immutable.implementations.immutableMap.TrieNode::access$getEMPTY$cp (4 bytes)
Event: 1.558 Thread 0x00007fc17a85e600 nmethod 1066 0x000000010b7fdb90 code [0x000000010b7fdd20, 0x000000010b7fde10]
Event: 1.558 Thread 0x00007fc17a85e600 1065       3       kotlinx.collections.immutable.implementations.immutableMap.TrieNode$Companion::getEMPTY$kotlinx_collections_immutable (4 bytes)
Event: 1.558 Thread 0x00007fc17a85e600 nmethod 1065 0x000000010b7fde90 code [0x000000010b7fe020, 0x000000010b7fe188]
Event: 1.558 Thread 0x00007fc17a85e600 1068       1       com.jetbrains.rhizomedb.Datom::getEid (5 bytes)
Event: 1.558 Thread 0x00007fc17a85e600 nmethod 1068 0x000000011b990390 code [0x000000011b990520, 0x000000011b9905e0]
Event: 1.558 Thread 0x00007fc17a85e600 1069       1       com.jetbrains.rhizomedb.Datom::getAttr-dkwPBow (5 bytes)
Event: 1.559 Thread 0x00007fc17a85e600 nmethod 1069 0x000000011b990690 code [0x000000011b990820, 0x000000011b9908e0]
Event: 1.559 Thread 0x00007fc17a85e600 1067       1       kotlinx.collections.immutable.implementations.immutableMap.TrieNodeBaseIterator::getBuffer (5 bytes)
Event: 1.559 Thread 0x00007fc17a85e600 nmethod 1067 0x000000011b990990 code [0x000000011b990b20, 0x000000011b990be8]
Event: 1.559 Thread 0x00007fc17a85e600 1070       3       kotlinx.collections.immutable.implementations.immutableMap.TrieNodeMutableEntriesIterator::<init> (16 bytes)
Event: 1.559 Thread 0x00007fc17a85e600 nmethod 1070 0x000000010b7fe290 code [0x000000010b7fe4e0, 0x000000010b7fecf0]
Event: 1.559 Thread 0x00007fc17a85e600 1072       3       kotlinx.collections.immutable.internal.CommonFunctionsKt::assert (23 bytes)
Event: 1.559 Thread 0x00007fc17a85e600 nmethod 1072 0x000000010b7ff010 code [0x000000010b7ff1c0, 0x000000010b7ff3c8]
Event: 1.559 Thread 0x00007fc17a85e600 1071       3       kotlin.jvm.internal.Intrinsics::checkNotNullExpressionValue (38 bytes)
Event: 1.560 Thread 0x00007fc17a85e600 nmethod 1071 0x000000010b7ff510 code [0x000000010b7ff780, 0x000000010b7fffd8]
Event: 1.560 Thread 0x00007fc17a85e600 1073       3       java.lang.Integer::bitCount (53 bytes)
Event: 1.560 Thread 0x00007fc17a85e600 nmethod 1073 0x000000010b800390 code [0x000000010b800520, 0x000000010b800648]
Event: 1.560 Thread 0x00007fc17a85e600 1074       1       kotlinx.collections.immutable.implementations.immutableMap.PersistentHashMapBuilder::getModCount$kotlinx_collections_immutable (5 bytes)
Event: 1.560 Thread 0x00007fc17a85e600 nmethod 1074 0x000000011b990c90 code [0x000000011b990e20, 0x000000011b990ee0]

GC Heap History (4 events):
Event: 0.650 GC heap before
{Heap before GC invocations=0 (full 0):
 garbage-first heap   total 262144K, used 17408K [0x0000000780000000, 0x0000000800000000)
  region size 1024K, 13 young (13312K), 0 survivors (0K)
 Metaspace       used 7848K, committed 7936K, reserved 1114112K
  class space    used 737K, committed 768K, reserved 1048576K
}
Event: 0.663 GC heap after
{Heap after GC invocations=1 (full 0):
 garbage-first heap   total 262144K, used 7569K [0x0000000780000000, 0x0000000800000000)
  region size 1024K, 2 young (2048K), 2 survivors (2048K)
 Metaspace       used 7848K, committed 7936K, reserved 1114112K
  class space    used 737K, committed 768K, reserved 1048576K
}
Event: 1.161 GC heap before
{Heap before GC invocations=1 (full 0):
 garbage-first heap   total 262144K, used 22929K [0x0000000780000000, 0x0000000800000000)
  region size 1024K, 18 young (18432K), 2 survivors (2048K)
 Metaspace       used 15104K, committed 15360K, reserved 1114112K
  class space    used 1401K, committed 1536K, reserved 1048576K
}
Event: 1.210 GC heap after
{Heap after GC invocations=2 (full 0):
 garbage-first heap   total 262144K, used 10167K [0x0000000780000000, 0x0000000800000000)
  region size 1024K, 3 young (3072K), 3 survivors (3072K)
 Metaspace       used 15104K, committed 15360K, reserved 1114112K
  class space    used 1401K, committed 1536K, reserved 1048576K
}

Dll operation events (9 events):
Event: 0.020 Loaded shared library /Applications/Android Studio.app/Contents/jbr/Contents/Home/lib/libjava.dylib
Event: 0.022 Loaded shared library /Applications/Android Studio.app/Contents/jbr/Contents/Home/lib/libzip.dylib
Event: 0.365 Loaded shared library /Applications/Android Studio.app/Contents/jbr/Contents/Home/lib/libnio.dylib
Event: 0.410 Loaded shared library /Applications/Android Studio.app/Contents/jbr/Contents/Home/lib/libzip.dylib
Event: 0.516 Loaded shared library /Applications/Android Studio.app/Contents/jbr/Contents/Home/lib/libnet.dylib
Event: 0.808 Loaded shared library /Applications/Android Studio.app/Contents/jbr/Contents/Home/lib/libjimage.dylib
Event: 1.434 Loaded shared library /Applications/Android Studio.app/Contents/jbr/Contents/Home/lib/libawt.dylib
Event: 1.441 Loaded shared library /Applications/Android Studio.app/Contents/jbr/Contents/Home/lib/libawt_lwawt.dylib
Event: 1.542 Loaded shared library /Applications/Android Studio.app/Contents/jbr/Contents/Home/lib/libfontmanager.dylib

Deoptimization events (20 events):
Event: 0.676 Thread 0x00007fc17a01ca00 DEOPT PACKING pc=0x000000010b6ea42e sp=0x0000700000b5ac10
Event: 0.676 Thread 0x00007fc17a01ca00 DEOPT UNPACKING pc=0x000000011b3f872f sp=0x0000700000b5a100 mode 0
Event: 0.833 Thread 0x00007fc17a01ca00 DEOPT PACKING pc=0x000000010b72be60 sp=0x0000700000b5ac70
Event: 0.833 Thread 0x00007fc17a01ca00 DEOPT UNPACKING pc=0x000000011b3f872f sp=0x0000700000b5a2a0 mode 0
Event: 0.843 Thread 0x00007fc17a01ca00 DEOPT PACKING pc=0x000000010b6b38cd sp=0x0000700000b5abb0
Event: 0.843 Thread 0x00007fc17a01ca00 DEOPT UNPACKING pc=0x000000011b3f872f sp=0x0000700000b5a058 mode 0
Event: 0.891 Thread 0x00007fc17a01ca00 DEOPT PACKING pc=0x000000010b6f9265 sp=0x0000700000b5a210
Event: 0.892 Thread 0x00007fc17a01ca00 DEOPT UNPACKING pc=0x000000011b3f872f sp=0x0000700000b59668 mode 0
Event: 1.291 Thread 0x00007fc179047800 Uncommon trap: trap_request=0xffffff45 fr.pc=0x000000011b967c08 relative=0x0000000000000168
Event: 1.291 Thread 0x00007fc179047800 Uncommon trap: reason=unstable_if action=reinterpret pc=0x000000011b967c08 method=java.lang.StringCoding.countPositives([BII)I @ 17 c2
Event: 1.291 Thread 0x00007fc179047800 DEOPT PACKING pc=0x000000011b967c08 sp=0x0000700002221dd0
Event: 1.291 Thread 0x00007fc179047800 DEOPT UNPACKING pc=0x000000011b3f7f99 sp=0x0000700002221d90 mode 2
Event: 1.291 Thread 0x00007fc179047800 Uncommon trap: trap_request=0xffffff45 fr.pc=0x000000011b97d0b4 relative=0x0000000000000214
Event: 1.291 Thread 0x00007fc179047800 Uncommon trap: reason=unstable_if action=reinterpret pc=0x000000011b97d0b4 method=java.lang.StringUTF16.compress([CI[BII)I @ 20 c2
Event: 1.291 Thread 0x00007fc179047800 DEOPT PACKING pc=0x000000011b97d0b4 sp=0x00007000022221d0
Event: 1.291 Thread 0x00007fc179047800 DEOPT UNPACKING pc=0x000000011b3f7f99 sp=0x0000700002222160 mode 2
Event: 1.389 Thread 0x00007fc17a01ca00 DEOPT PACKING pc=0x000000010b7c99cd sp=0x0000700000b59950
Event: 1.389 Thread 0x00007fc17a01ca00 DEOPT UNPACKING pc=0x000000011b3f872f sp=0x0000700000b58de0 mode 0
Event: 1.520 Thread 0x00007fc17a01ca00 DEOPT PACKING pc=0x000000010b7c99cd sp=0x0000700000b54db0
Event: 1.520 Thread 0x00007fc17a01ca00 DEOPT UNPACKING pc=0x000000011b3f872f sp=0x0000700000b54240 mode 0

Classes loaded (20 events):
Event: 1.562 Loading class fleet/kernel/TransactorKt$withTransactor$2$initialDb$2$1$1$1
Event: 1.562 Loading class fleet/kernel/TransactorKt$withTransactor$2$initialDb$2$1$1$1 done
Event: 1.562 Loading class fleet/kernel/SharedChangeScope
Event: 1.562 Loading class fleet/kernel/SharedChangeScope done
Event: 1.562 Loading class fleet/kernel/Shared
Event: 1.562 Loading class fleet/kernel/Shared done
Event: 1.562 Loading class fleet/kernel/Shared$Companion
Event: 1.562 Loading class fleet/kernel/Shared$Companion done
Event: 1.562 Loading class fleet/kernel/rebase/LeaderTransactorMiddleware$performChange$1$1
Event: 1.562 Loading class fleet/kernel/rebase/LeaderTransactorMiddleware$performChange$1$1 done
Event: 1.563 Loading class fleet/kernel/DurableEntityKt
Event: 1.563 Loading class fleet/kernel/DurableEntityKt done
Event: 1.563 Loading class fleet/kernel/Durable
Event: 1.563 Loading class fleet/kernel/Durable done
Event: 1.565 Loading class fleet/util/UID$Serializer
Event: 1.565 Loading class fleet/util/UID$Serializer done
Event: 1.565 Loading class fleet/util/serialization/DelegateSerializer
Event: 1.565 Loading class fleet/util/serialization/DelegateSerializer done
Event: 1.565 Loading class fleet/util/serialization/DataSerializer
Event: 1.565 Loading class fleet/util/serialization/DataSerializer done

Classes unloaded (0 events):
No events

Classes redefined (0 events):
No events

Internal exceptions (20 events):
Event: 0.531 Thread 0x00007fc17a01ca00 Exception <a 'java/lang/NoSuchMethodError'{0x000000078fc19700}: 'java.lang.Object java.lang.invoke.DirectMethodHandle$Holder.invokeStatic(java.lang.Object, java.lang.Object, java.lang.Object, java.lang.Object, int)'> (0x000000078fc19700) 
thrown [src/hotspot/share/interpreter/linkResolver.cpp, line 784]
Event: 0.532 Thread 0x00007fc17a01ca00 Exception <a 'java/lang/NoSuchMethodError'{0x000000078fc215c0}: 'long java.lang.invoke.DirectMethodHandle$Holder.invokeStatic(java.lang.Object, java.lang.Object, int)'> (0x000000078fc215c0) 
thrown [src/hotspot/share/interpreter/linkResolver.cpp, line 784]
Event: 0.533 Thread 0x00007fc17a01ca00 Exception <a 'java/lang/NoSuchMethodError'{0x000000078fc2cb00}: 'java.lang.Object java.lang.invoke.DelegatingMethodHandle$Holder.reinvoke_L(java.lang.Object, int, long, java.lang.Object, java.lang.Object, int, java.lang.Object)'> (0x000000078fc2cb00) 
thrown [src/hotspot/share/interpreter/linkResolver.cpp, line 784]
Event: 0.833 Thread 0x00007fc17a01ca00 Exception <a 'sun/nio/fs/UnixException'{0x000000078f06fe30}> (0x000000078f06fe30) 
thrown [src/hotspot/share/prims/jni.cpp, line 537]
Event: 0.833 Thread 0x00007fc17a01ca00 Exception <a 'sun/nio/fs/UnixException'{0x000000078f070368}> (0x000000078f070368) 
thrown [src/hotspot/share/prims/jni.cpp, line 537]
Event: 0.908 Thread 0x00007fc17a01ca00 Exception <a 'java/lang/NoSuchMethodError'{0x000000078f0ebd40}: 'java.lang.Object java.lang.invoke.DirectMethodHandle$Holder.newInvokeSpecial(java.lang.Object, java.lang.Object, int)'> (0x000000078f0ebd40) 
thrown [src/hotspot/share/interpreter/linkResolver.cpp, line 784]
Event: 1.064 Thread 0x00007fc1791bc800 Exception <a 'java/lang/NoSuchMethodError'{0x000000078ee19428}: 'int java.lang.invoke.DirectMethodHandle$Holder.invokeSpecial(java.lang.Object, java.lang.Object, java.lang.Object, java.lang.Object)'> (0x000000078ee19428) 
thrown [src/hotspot/share/interpreter/linkResolver.cpp, line 784]
Event: 1.227 Thread 0x00007fc179047800 Exception <a 'sun/nio/fs/UnixException'{0x000000078ff89fa8}> (0x000000078ff89fa8) 
thrown [src/hotspot/share/prims/jni.cpp, line 537]
Event: 1.227 Thread 0x00007fc179047800 Exception <a 'sun/nio/fs/UnixException'{0x000000078ff8a618}> (0x000000078ff8a618) 
thrown [src/hotspot/share/prims/jni.cpp, line 537]
Event: 1.228 Thread 0x00007fc1791bc800 Exception <a 'java/lang/NoSuchMethodError'{0x000000078ff98b90}: 'int java.lang.invoke.DirectMethodHandle$Holder.invokeStatic(java.lang.Object)'> (0x000000078ff98b90) 
thrown [src/hotspot/share/interpreter/linkResolver.cpp, line 784]
Event: 1.228 Thread 0x00007fc1791bc800 Exception <a 'java/lang/NoSuchMethodError'{0x000000078ff9bd28}: 'int java.lang.invoke.DirectMethodHandle$Holder.invokeStaticInit(java.lang.Object)'> (0x000000078ff9bd28) 
thrown [src/hotspot/share/interpreter/linkResolver.cpp, line 784]
Event: 1.257 Thread 0x00007fc179047800 Exception <a 'java/lang/RuntimeException'{0x000000078ff8ae98}> (0x000000078ff8ae98) 
thrown [src/hotspot/share/prims/jni.cpp, line 537]
Event: 1.283 Thread 0x00007fc179047800 Exception <a 'java/lang/NoSuchMethodError'{0x000000078fff9e80}: 'java.lang.Object java.lang.invoke.DirectMethodHandle$Holder.newInvokeSpecial(java.lang.Object, java.lang.Object, java.lang.Object, java.lang.Object, java.lang.Object)'> (0x000000078fff9e80) 
thrown [src/hotspot/share/interpreter/linkResolver.cpp, line 784]
Event: 1.376 Thread 0x00007fc179047800 Exception <a 'java/lang/NoSuchMethodError'{0x000000078fe33768}: 'java.lang.Object java.lang.invoke.Invokers$Holder.invokeExact_MT(java.lang.Object, java.lang.Object, java.lang.Object, java.lang.Object, java.lang.Object, java.lang.Object)'> (0x000000078fe33768) 
thrown [src/hotspot/share/interpreter/linkResolver.cpp, line 784]
Event: 1.450 Thread 0x00007fc179047800 Exception <a 'java/lang/ClassNotFoundException'{0x000000078fd92cc8}: sun/awt/resources/spi/awtProvider> (0x000000078fd92cc8) 
thrown [src/hotspot/share/classfile/systemDictionary.cpp, line 312]
Event: 1.456 Thread 0x00007fc179047800 Exception <a 'sun/nio/fs/UnixException'{0x000000078fda3ee0}> (0x000000078fda3ee0) 
thrown [src/hotspot/share/prims/jni.cpp, line 537]
Event: 1.456 Thread 0x00007fc179047800 Exception <a 'sun/nio/fs/UnixException'{0x000000078fda46e0}> (0x000000078fda46e0) 
thrown [src/hotspot/share/prims/jni.cpp, line 537]
Event: 1.524 Thread 0x00007fc179047800 Exception <a 'sun/nio/fs/UnixException'{0x000000078fc19020}> (0x000000078fc19020) 
thrown [src/hotspot/share/prims/jni.cpp, line 537]
Event: 1.525 Thread 0x00007fc179047800 Exception <a 'sun/nio/fs/UnixException'{0x000000078fc197c8}> (0x000000078fc197c8) 
thrown [src/hotspot/share/prims/jni.cpp, line 537]
Event: 1.532 Thread 0x00007fc179047800 Exception <a 'java/lang/ClassNotFoundException'{0x000000078fc201c8}: sun/awt/resources/spi/awtosxProvider> (0x000000078fc201c8) 
thrown [src/hotspot/share/classfile/systemDictionary.cpp, line 312]

ZGC Phase Switch (0 events):
No events

VM Operations (14 events):
Event: 0.313 Executing non-safepoint VM operation: HandshakeAllThreads (Deoptimize)
Event: 0.313 Executing non-safepoint VM operation: HandshakeAllThreads (Deoptimize) done
Event: 0.347 Executing non-safepoint VM operation: HandshakeAllThreads (Deoptimize)
Event: 0.347 Executing non-safepoint VM operation: HandshakeAllThreads (Deoptimize) done
Event: 0.650 Executing safepoint VM operation: G1CollectForAllocation (G1 Evacuation Pause)
Event: 0.663 Executing safepoint VM operation: G1CollectForAllocation (G1 Evacuation Pause) done
Event: 1.029 Executing non-safepoint VM operation: HandshakeAllThreads (Deoptimize)
Event: 1.029 Executing non-safepoint VM operation: HandshakeAllThreads (Deoptimize) done
Event: 1.109 Executing safepoint VM operation: G1CollectForAllocation (G1 Evacuation Pause)
Event: 1.210 Executing safepoint VM operation: G1CollectForAllocation (G1 Evacuation Pause) done
Event: 1.393 Executing non-safepoint VM operation: HandshakeAllThreads (Deoptimize)
Event: 1.400 Executing non-safepoint VM operation: HandshakeAllThreads (Deoptimize) done
Event: 1.402 Executing non-safepoint VM operation: HandshakeAllThreads (Deoptimize)
Event: 1.405 Executing non-safepoint VM operation: HandshakeAllThreads (Deoptimize) done

Memory protections (15 events):
Event: 0.018 Protecting memory [0x000070000095c000,0x0000700000960000] with protection modes 0
Event: 0.160 Protecting memory [0x00007000013fd000,0x0000700001401000] with protection modes 0
Event: 0.175 Protecting memory [0x0000700001500000,0x0000700001504000] with protection modes 0
Event: 0.175 Protecting memory [0x0000700001603000,0x0000700001607000] with protection modes 0
Event: 0.176 Protecting memory [0x0000700001706000,0x000070000170a000] with protection modes 0
Event: 0.176 Protecting memory [0x0000700001809000,0x000070000180d000] with protection modes 0
Event: 0.176 Protecting memory [0x000070000190c000,0x0000700001910000] with protection modes 0
Event: 0.176 Protecting memory [0x0000700001a0f000,0x0000700001a13000] with protection modes 0
Event: 0.176 Protecting memory [0x0000700001b12000,0x0000700001b16000] with protection modes 0
Event: 0.460 Protecting memory [0x0000700001c15000,0x0000700001c19000] with protection modes 0
Event: 0.916 Protecting memory [0x0000700002021000,0x0000700002025000] with protection modes 0
Event: 0.916 Protecting memory [0x0000700002124000,0x0000700002128000] with protection modes 0
Event: 0.942 Protecting memory [0x0000700002227000,0x000070000222b000] with protection modes 0
Event: 0.944 Protecting memory [0x000070000232a000,0x000070000232e000] with protection modes 0
Event: 1.548 Protecting memory [0x00007ff7b989d000,0x00007ff7b98a1000] with protection modes 0

Nmethod flushes (0 events):
No events

Events (15 events):
Event: 0.030 Thread 0x00007fc17a01ca00 Thread added: 0x00007fc17a01ca00
Event: 0.160 Thread 0x00007fc17a01ca00 Thread added: 0x00007fc17a08a000
Event: 0.175 Thread 0x00007fc17a01ca00 Thread added: 0x00007fc17a09c800
Event: 0.175 Thread 0x00007fc17a01ca00 Thread added: 0x00007fc17a09d000
Event: 0.176 Thread 0x00007fc17a01ca00 Thread added: 0x00007fc17b013c00
Event: 0.176 Thread 0x00007fc17a01ca00 Thread added: 0x00007fc17902f800
Event: 0.176 Thread 0x00007fc17a01ca00 Thread added: 0x00007fc179030000
Event: 0.176 Thread 0x00007fc17a01ca00 Thread added: 0x00007fc17a83d800
Event: 0.176 Thread 0x00007fc17a01ca00 Thread added: 0x00007fc17a85e600
Event: 0.460 Thread 0x00007fc17a01ca00 Thread added: 0x00007fc17a0af800
Event: 0.916 Thread 0x00007fc17a01ca00 Thread added: 0x00007fc1791bc800
Event: 0.916 Thread 0x00007fc17a01ca00 Thread added: 0x00007fc179047800
Event: 0.942 Thread 0x00007fc1791bc800 Thread added: 0x00007fc17a1eca00
Event: 0.944 Thread 0x00007fc1791bc800 Thread added: 0x00007fc17b068000
Event: 1.548 Thread 0x00007fc17a9c8000 Thread added: 0x00007fc17a9c8000


Dynamic libraries:
0x00007ff815fc2000 	/usr/lib/libiconv.2.dylib
0x00007ff815f18000 	/usr/lib/libcharset.1.dylib
0x00007ff815f86000 	/usr/lib/libSystem.B.dylib
0x00007ff815f80000 	/usr/lib/system/libcache.dylib
0x00007ff815f3a000 	/usr/lib/system/libcommonCrypto.dylib
0x00007ff815f64000 	/usr/lib/system/libcompiler_rt.dylib
0x00007ff815f59000 	/usr/lib/system/libcopyfile.dylib
0x00007ff809eab000 	/usr/lib/system/libcorecrypto.dylib
0x00007ff809f70000 	/usr/lib/system/libdispatch.dylib
0x00007ff80a11a000 	/usr/lib/system/libdyld.dylib
0x00007ff815f76000 	/usr/lib/system/libkeymgr.dylib
0x00007ff815f19000 	/usr/lib/system/libmacho.dylib
0x00007ff815427000 	/usr/lib/system/libquarantine.dylib
0x00007ff815f74000 	/usr/lib/system/libremovefile.dylib
0x00007ff80ed5e000 	/usr/lib/system/libsystem_asl.dylib
0x00007ff809e4c000 	/usr/lib/system/libsystem_blocks.dylib
0x00007ff809fbb000 	/usr/lib/system/libsystem_c.dylib
0x00007ff815f6c000 	/usr/lib/system/libsystem_collections.dylib
0x00007ff8146cf000 	/usr/lib/system/libsystem_configuration.dylib
0x00007ff813771000 	/usr/lib/system/libsystem_containermanager.dylib
0x00007ff815bd3000 	/usr/lib/system/libsystem_coreservices.dylib
0x00007ff80cdab000 	/usr/lib/system/libsystem_darwin.dylib
0x00007ff815f77000 	/usr/lib/system/libsystem_dnssd.dylib
0x00007ff809fb8000 	/usr/lib/system/libsystem_featureflags.dylib
0x00007ff80a148000 	/usr/lib/system/libsystem_info.dylib
0x00007ff815eb4000 	/usr/lib/system/libsystem_m.dylib
0x00007ff809f43000 	/usr/lib/system/libsystem_malloc.dylib
0x00007ff80ece1000 	/usr/lib/system/libsystem_networkextension.dylib
0x00007ff80d1ee000 	/usr/lib/system/libsystem_notify.dylib
0x00007ff8146d3000 	/usr/lib/system/libsystem_sandbox.dylib
0x00007ff815f71000 	/usr/lib/system/libsystem_secinit.dylib
0x00007ff80a0d4000 	/usr/lib/system/libsystem_kernel.dylib
0x00007ff80a13e000 	/usr/lib/system/libsystem_platform.dylib
0x00007ff80a10e000 	/usr/lib/system/libsystem_pthread.dylib
0x00007ff8106b0000 	/usr/lib/system/libsystem_symptoms.dylib
0x00007ff809e91000 	/usr/lib/system/libsystem_trace.dylib
0x00007ff815f46000 	/usr/lib/system/libunwind.dylib
0x00007ff809e50000 	/usr/lib/system/libxpc.dylib
0x00007ff80a0bf000 	/usr/lib/libc++abi.dylib
0x00007ff809d77000 	/usr/lib/libobjc.A.dylib
0x00007ff815f51000 	/usr/lib/liboah.dylib
0x00007ff80a043000 	/usr/lib/libc++.1.dylib
0x00007ff80a173000 	/System/Library/Frameworks/CoreFoundation.framework/Versions/A/CoreFoundation
0x00007ff80d0b2000 	/System/Library/PrivateFrameworks/CoreServicesInternal.framework/Versions/A/CoreServicesInternal
0x00007ff815f88000 	/usr/lib/libfakelink.dylib
0x00007ff80cb1a000 	/usr/lib/libicucore.A.dylib
0x00007ff815f8c000 	/System/Library/PrivateFrameworks/SoftLinking.framework/Versions/A/SoftLinking
0x00007ff80d130000 	/System/Library/Frameworks/IOKit.framework/Versions/A/IOKit
0x00007ff81d746000 	/System/Library/Frameworks/CoreServices.framework/Versions/A/CoreServices
0x00007ff811319000 	/usr/lib/libDiagnosticMessagesClient.dylib
0x00007ff80ecf8000 	/usr/lib/libenergytrace.dylib
0x00007ff81544e000 	/usr/lib/libbsm.0.dylib
0x00007ff815ea1000 	/usr/lib/libz.1.dylib
0x00007ff815f1e000 	/usr/lib/system/libkxld.dylib
0x00007ff80e944000 	/System/Library/Frameworks/CFNetwork.framework/Versions/A/CFNetwork
0x00007ff8120d9000 	/System/Library/Frameworks/CoreServices.framework/Versions/A/Frameworks/FSEvents.framework/Versions/A/FSEvents
0x00007ff80cdb6000 	/System/Library/Frameworks/CoreServices.framework/Versions/A/Frameworks/CarbonCore.framework/Versions/A/CarbonCore
0x00007ff81135c000 	/System/Library/Frameworks/CoreServices.framework/Versions/A/Frameworks/Metadata.framework/Versions/A/Metadata
0x00007ff815bda000 	/System/Library/Frameworks/CoreServices.framework/Versions/A/Frameworks/OSServices.framework/Versions/A/OSServices
0x00007ff81614d000 	/System/Library/Frameworks/CoreServices.framework/Versions/A/Frameworks/SearchKit.framework/Versions/A/SearchKit
0x00007ff810638000 	/System/Library/Frameworks/CoreServices.framework/Versions/A/Frameworks/AE.framework/Versions/A/AE
0x00007ff80a610000 	/System/Library/Frameworks/CoreServices.framework/Versions/A/Frameworks/LaunchServices.framework/Versions/A/LaunchServices
0x00007ff81764a000 	/System/Library/Frameworks/CoreServices.framework/Versions/A/Frameworks/DictionaryServices.framework/Versions/A/DictionaryServices
0x00007ff8120e6000 	/System/Library/Frameworks/CoreServices.framework/Versions/A/Frameworks/SharedFileList.framework/Versions/A/SharedFileList
0x00007ff80c787000 	/System/Library/Frameworks/Security.framework/Versions/A/Security
0x00007ff80ad0c000 	/System/Library/Frameworks/SystemConfiguration.framework/Versions/A/SystemConfiguration
0x00007ff8161d7000 	/usr/lib/libapple_nghttp2.dylib
0x00007ff81620e000 	/usr/lib/libcompression.dylib
0x00007ff80e940000 	/usr/lib/libnetwork.dylib
0x00007ff8102e3000 	/usr/lib/libsqlite3.dylib
0x00007ff80b01d000 	/System/Library/Frameworks/Foundation.framework/Versions/C/Foundation
0x00007ff8106b8000 	/System/Library/Frameworks/Network.framework/Versions/A/Network
0x00007ffc0f05e000 	/usr/lib/libCoreEntitlements.dylib
0x00007ffb1c124000 	/System/Library/PrivateFrameworks/MessageSecurity.framework/Versions/A/MessageSecurity
0x00007ff8102ca000 	/System/Library/PrivateFrameworks/ProtocolBuffer.framework/Versions/A/ProtocolBuffer
0x00007ff80ecf9000 	/usr/lib/libMobileGestalt.dylib
0x00007ff815af5000 	/System/Library/PrivateFrameworks/AppleFSCompression.framework/Versions/A/AppleFSCompression
0x00007ff815436000 	/usr/lib/libcoretls.dylib
0x00007ff8176b2000 	/usr/lib/libcoretls_cfhelpers.dylib
0x00007ff816208000 	/usr/lib/libpam.2.dylib
0x00007ff817725000 	/usr/lib/libxar.1.dylib
0x00007ff812111000 	/System/Library/PrivateFrameworks/CoreAutoLayout.framework/Versions/A/CoreAutoLayout
0x00007ff8113f2000 	/System/Library/Frameworks/DiskArbitration.framework/Versions/A/DiskArbitration
0x00007ff8160c5000 	/usr/lib/libarchive.2.dylib
0x00007ff812159000 	/usr/lib/libxml2.2.dylib
0x00007ff8146de000 	/usr/lib/liblangid.dylib
0x00007ff81b5de000 	/System/Library/Frameworks/Combine.framework/Versions/A/Combine
0x00007ff819722000 	/usr/lib/swift/libswiftCore.dylib
0x00007ff90eb32000 	/usr/lib/swift/libswiftCoreFoundation.dylib
0x00007ff90cbc2000 	/usr/lib/swift/libswiftDarwin.dylib
0x00007ff81ef99000 	/usr/lib/swift/libswiftDispatch.dylib
0x00007ff90eb4e000 	/usr/lib/swift/libswiftIOKit.dylib
0x00007ff82150c000 	/usr/lib/swift/libswiftObjectiveC.dylib
0x00007ff90eb43000 	/usr/lib/swift/libswiftXPC.dylib
0x00007ffc100f3000 	/usr/lib/swift/libswift_Concurrency.dylib
0x00007ffc10230000 	/usr/lib/swift/libswift_StringProcessing.dylib
0x00007ff821510000 	/usr/lib/swift/libswiftos.dylib
0x00007ff8146da000 	/System/Library/PrivateFrameworks/AppleSystemInfo.framework/Versions/A/AppleSystemInfo
0x00007ff815141000 	/System/Library/PrivateFrameworks/IOMobileFramebuffer.framework/Versions/A/IOMobileFramebuffer
0x00007ff8137a1000 	/System/Library/Frameworks/IOSurface.framework/Versions/A/IOSurface
0x00007ff815f8d000 	/usr/lib/libpcap.A.dylib
0x00007ff8106a7000 	/usr/lib/libdns_services.dylib
0x00007ff817699000 	/usr/lib/liblzma.5.dylib
0x00007ff815bc4000 	/usr/lib/libbz2.1.0.dylib
0x00007ffc10179000 	/usr/lib/swift/libswift_RegexParser.dylib
0x00007ff817c08000 	/usr/lib/libheimdal-asn1.dylib
0x00007ff81542a000 	/usr/lib/libCheckFix.dylib
0x00007ff80ed75000 	/System/Library/PrivateFrameworks/TCC.framework/Versions/A/TCC
0x00007ff8146e0000 	/System/Library/PrivateFrameworks/CoreNLP.framework/Versions/A/CoreNLP
0x00007ff81131b000 	/System/Library/PrivateFrameworks/MetadataUtilities.framework/Versions/A/MetadataUtilities
0x00007ff81d9f7000 	/System/Library/Frameworks/Accelerate.framework/Versions/A/Accelerate
0x00007ff81545f000 	/usr/lib/libmecab.dylib
0x00007ff80ad8c000 	/usr/lib/libCRFSuite.dylib
0x00007ff8154b8000 	/usr/lib/libgermantok.dylib
0x00007ff8161b3000 	/usr/lib/libThaiTokenizer.dylib
0x00007ff8113f9000 	/System/Library/Frameworks/Accelerate.framework/Versions/A/Frameworks/vImage.framework/Versions/A/vImage
0x00007ff81d719000 	/System/Library/Frameworks/Accelerate.framework/Versions/A/Frameworks/vecLib.framework/Versions/A/vecLib
0x00007ff817767000 	/System/Library/Frameworks/Accelerate.framework/Versions/A/Frameworks/vecLib.framework/Versions/A/libvMisc.dylib
0x00007ff814f56000 	/System/Library/Frameworks/Accelerate.framework/Versions/A/Frameworks/vecLib.framework/Versions/A/libvDSP.dylib
0x00007ff80a9d0000 	/System/Library/Frameworks/Accelerate.framework/Versions/A/Frameworks/vecLib.framework/Versions/A/libBLAS.dylib
0x00007ff8162ec000 	/System/Library/Frameworks/Accelerate.framework/Versions/A/Frameworks/vecLib.framework/Versions/A/libLAPACK.dylib
0x00007ff8154bb000 	/System/Library/Frameworks/Accelerate.framework/Versions/A/Frameworks/vecLib.framework/Versions/A/libLinearAlgebra.dylib
0x00007ff8161f2000 	/System/Library/Frameworks/Accelerate.framework/Versions/A/Frameworks/vecLib.framework/Versions/A/libSparseBLAS.dylib
0x00007ff8162e6000 	/System/Library/Frameworks/Accelerate.framework/Versions/A/Frameworks/vecLib.framework/Versions/A/libQuadrature.dylib
0x00007ff8147c6000 	/System/Library/Frameworks/Accelerate.framework/Versions/A/Frameworks/vecLib.framework/Versions/A/libBNNS.dylib
0x00007ff80ac95000 	/System/Library/Frameworks/Accelerate.framework/Versions/A/Frameworks/vecLib.framework/Versions/A/libSparse.dylib
0x00007ffb1b35e000 	/System/Library/PrivateFrameworks/MIL.framework/Versions/A/MIL
0x00007ff8120bd000 	/System/Library/Frameworks/OpenDirectory.framework/Versions/A/Frameworks/CFOpenDirectory.framework/Versions/A/CFOpenDirectory
0x00007ff8120b1000 	/System/Library/Frameworks/OpenDirectory.framework/Versions/A/OpenDirectory
0x00007ff8176b4000 	/System/Library/PrivateFrameworks/APFS.framework/Versions/A/APFS
0x00007ff81536d000 	/System/Library/Frameworks/SecurityFoundation.framework/Versions/A/SecurityFoundation
0x00007ff817733000 	/usr/lib/libutil.dylib
0x00007ffb1a2fd000 	/System/Library/PrivateFrameworks/InstalledContentLibrary.framework/Versions/A/InstalledContentLibrary
0x00007ff80d0f3000 	/System/Library/PrivateFrameworks/CoreServicesStore.framework/Versions/A/CoreServicesStore
0x00007ff81210e000 	/usr/lib/libapp_launch_measurement.dylib
0x00007ffb11225000 	/System/Library/PrivateFrameworks/AppleMobileFileIntegrity.framework/Versions/A/AppleMobileFileIntegrity
0x00007ff90eb14000 	/usr/lib/libmis.dylib
0x00007ff91d3f8000 	/System/Library/PrivateFrameworks/MobileSystemServices.framework/Versions/A/MobileSystemServices
0x00007ffa190dc000 	/System/Library/PrivateFrameworks/ConfigProfileHelper.framework/Versions/A/ConfigProfileHelper
0x00007ff8112ee000 	/System/Library/PrivateFrameworks/CoreAnalytics.framework/Versions/A/CoreAnalytics
0x00007ff8161b5000 	/System/Library/PrivateFrameworks/AppleSauce.framework/Versions/A/AppleSauce
0x00007ff80b9a6000 	/System/Library/PrivateFrameworks/LanguageModeling.framework/Versions/A/LanguageModeling
0x00007ff817737000 	/usr/lib/libxslt.1.dylib
0x00007ff8160b4000 	/usr/lib/libcmph.dylib
0x00007ff81512e000 	/System/Library/PrivateFrameworks/CoreEmoji.framework/Versions/A/CoreEmoji
0x00007ff8147c1000 	/System/Library/PrivateFrameworks/LinguisticData.framework/Versions/A/LinguisticData
0x00007ff80ac4c000 	/System/Library/PrivateFrameworks/Lexicon.framework/Versions/A/Lexicon
0x00007ff8153fb000 	/System/Library/PrivateFrameworks/BackgroundTaskManagement.framework/Versions/A/BackgroundTaskManagement
0x00007ffc0f1a0000 	/usr/lib/libTLE.dylib
0x0000000105fee000 	/Applications/Android Studio.app/Contents/jbr/Contents/Home/lib/libjli.dylib
0x00007ff82340d000 	/System/Library/Frameworks/Cocoa.framework/Versions/A/Cocoa
0x00007ff80d250000 	/System/Library/Frameworks/AppKit.framework/Versions/C/AppKit
0x00007ff80fe64000 	/System/Library/Frameworks/CoreData.framework/Versions/A/CoreData
0x00007ff80e25a000 	/System/Library/PrivateFrameworks/UIFoundation.framework/Versions/A/UIFoundation
0x00007ffb126a2000 	/System/Library/PrivateFrameworks/CollectionViewCore.framework/Versions/A/CollectionViewCore
0x00007ff81d310000 	/System/Library/PrivateFrameworks/RemoteViewServices.framework/Versions/A/RemoteViewServices
0x00007ff813f56000 	/System/Library/PrivateFrameworks/XCTTargetBootstrap.framework/Versions/A/XCTTargetBootstrap
0x00007ff818de7000 	/System/Library/PrivateFrameworks/InternationalSupport.framework/Versions/A/InternationalSupport
0x00007ff818e70000 	/System/Library/PrivateFrameworks/UserActivity.framework/Versions/A/UserActivity
0x00007ffb29541000 	/System/Library/PrivateFrameworks/WindowManagement.framework/Versions/A/WindowManagement
0x00007ff8181bb000 	/usr/lib/libspindump.dylib
0x00007ff80e428000 	/System/Library/Frameworks/UniformTypeIdentifiers.framework/Versions/A/UniformTypeIdentifiers
0x00007ff8137c0000 	/System/Library/Frameworks/Metal.framework/Versions/A/Metal
0x00007ff813f5b000 	/System/Library/PrivateFrameworks/CoreSVG.framework/Versions/A/CoreSVG
0x00007ff80ed90000 	/System/Library/PrivateFrameworks/SkyLight.framework/Versions/A/SkyLight
0x00007ff80f184000 	/System/Library/Frameworks/CoreGraphics.framework/Versions/A/CoreGraphics
0x00007ff817c2c000 	/System/Library/PrivateFrameworks/IconServices.framework/Versions/A/IconServices
0x00007ff8210cd000 	/System/Library/Frameworks/ApplicationServices.framework/Versions/A/ApplicationServices
0x00007ff813f42000 	/System/Library/PrivateFrameworks/DFRFoundation.framework/Versions/A/DFRFoundation
0x00007ff819c86000 	/System/Library/Frameworks/AudioToolbox.framework/Versions/A/AudioToolbox
0x00007ff818df2000 	/System/Library/PrivateFrameworks/DataDetectorsCore.framework/Versions/A/DataDetectorsCore
0x00007ff911b6c000 	/System/Library/PrivateFrameworks/TextInput.framework/Versions/A/TextInput
0x00007ff813c4a000 	/System/Library/Frameworks/Carbon.framework/Versions/A/Frameworks/HIToolbox.framework/Versions/A/HIToolbox
0x00007ff811a99000 	/System/Library/Frameworks/QuartzCore.framework/Versions/A/QuartzCore
0x00007ff81d348000 	/System/Library/Frameworks/Carbon.framework/Versions/A/Frameworks/SpeechRecognition.framework/Versions/A/SpeechRecognition
0x00007ff811e4c000 	/System/Library/PrivateFrameworks/CoreUI.framework/Versions/A/CoreUI
0x00007ff80c0d5000 	/System/Library/Frameworks/CoreAudio.framework/Versions/A/CoreAudio
0x00007ff8185dd000 	/System/Library/PrivateFrameworks/MultitouchSupport.framework/Versions/A/MultitouchSupport
0x00007ff8120a5000 	/System/Library/PrivateFrameworks/PerformanceAnalysis.framework/Versions/A/PerformanceAnalysis
0x00007ffa24806000 	/System/Library/Frameworks/OpenGL.framework/Versions/A/OpenGL
0x00007ff81533a000 	/System/Library/PrivateFrameworks/MobileKeyBag.framework/Versions/A/MobileKeyBag
0x00007ff80f89a000 	/System/Library/Frameworks/ColorSync.framework/Versions/A/ColorSync
0x00007ff8142aa000 	/System/Library/Frameworks/CoreImage.framework/Versions/A/CoreImage
0x00007ff80bee3000 	/System/Library/Frameworks/CoreText.framework/Versions/A/CoreText
0x00007ff813f92000 	/System/Library/Frameworks/ImageIO.framework/Versions/A/ImageIO
0x00007ff818d20000 	/System/Library/PrivateFrameworks/TextureIO.framework/Versions/A/TextureIO
0x00007ff8178ec000 	/usr/lib/libate.dylib
0x00007ff8184a1000 	/System/Library/PrivateFrameworks/AppleJPEG.framework/Versions/A/AppleJPEG
0x00007ff817bed000 	/usr/lib/libexpat.1.dylib
0x00007ff818b77000 	/System/Library/Frameworks/ImageIO.framework/Versions/A/Resources/libPng.dylib
0x00007ff818ba5000 	/System/Library/Frameworks/ImageIO.framework/Versions/A/Resources/libTIFF.dylib
0x00007ff818c9a000 	/System/Library/Frameworks/ImageIO.framework/Versions/A/Resources/libGIF.dylib
0x00007ff8184ec000 	/System/Library/Frameworks/ImageIO.framework/Versions/A/Resources/libJP2.dylib
0x00007ff818c3a000 	/System/Library/Frameworks/ImageIO.framework/Versions/A/Resources/libJPEG.dylib
0x00007ff818c31000 	/System/Library/Frameworks/ImageIO.framework/Versions/A/Resources/libRadiance.dylib
0x00007ff813ae3000 	/System/Library/PrivateFrameworks/FontServices.framework/libFontParser.dylib
0x00007ff8105dd000 	/System/Library/PrivateFrameworks/RunningBoardServices.framework/Versions/A/RunningBoardServices
0x00007ff823aba000 	/System/Library/PrivateFrameworks/IOSurfaceAccelerator.framework/Versions/A/IOSurfaceAccelerator
0x00007ff8185d9000 	/System/Library/PrivateFrameworks/WatchdogClient.framework/Versions/A/WatchdogClient
0x00007ff80bb0c000 	/System/Library/Frameworks/CoreDisplay.framework/Versions/A/CoreDisplay
0x00007ff8139d1000 	/System/Library/Frameworks/CoreMedia.framework/Versions/A/CoreMedia
0x00007ff8137b7000 	/System/Library/PrivateFrameworks/IOAccelerator.framework/Versions/A/IOAccelerator
0x00007ff812238000 	/System/Library/Frameworks/CoreVideo.framework/Versions/A/CoreVideo
0x00007ff816206000 	/System/Library/Frameworks/MetalPerformanceShaders.framework/Versions/A/MetalPerformanceShaders
0x00007ff818618000 	/System/Library/Frameworks/VideoToolbox.framework/Versions/A/VideoToolbox
0x00007ff81051b000 	/System/Library/PrivateFrameworks/BaseBoard.framework/Versions/A/BaseBoard
0x00007ff818c2a000 	/System/Library/PrivateFrameworks/GPUWrangler.framework/Versions/A/GPUWrangler
0x00007ff818c0e000 	/System/Library/PrivateFrameworks/IOPresentment.framework/Versions/A/IOPresentment
0x00007ff818c34000 	/System/Library/PrivateFrameworks/DSExternalDisplay.framework/Versions/A/DSExternalDisplay
0x00007ffb167cf000 	/System/Library/PrivateFrameworks/GPUCompiler.framework/Versions/31001/Libraries/libllvm-flatbuffers.dylib
0x00007ffa247fa000 	/System/Library/Frameworks/OpenGL.framework/Versions/A/Libraries/libCoreFSCache.dylib
0x00007ffb167cb000 	/System/Library/PrivateFrameworks/GPUCompiler.framework/Versions/31001/Libraries/libGPUCompilerUtils.dylib
0x00007ff818ca0000 	/System/Library/PrivateFrameworks/CMCaptureCore.framework/Versions/A/CMCaptureCore
0x00007ffb0b698000 	/System/Library/Frameworks/ExtensionFoundation.framework/Versions/A/ExtensionFoundation
0x00007ff81f731000 	/System/Library/PrivateFrameworks/CoreTime.framework/Versions/A/CoreTime
0x00007ff8181a6000 	/System/Library/PrivateFrameworks/AppServerSupport.framework/Versions/A/AppServerSupport
0x00007ff81a540000 	/System/Library/PrivateFrameworks/perfdata.framework/Versions/A/perfdata
0x00007ff80bc38000 	/System/Library/PrivateFrameworks/AudioToolboxCore.framework/Versions/A/AudioToolboxCore
0x00007ff8139ac000 	/System/Library/PrivateFrameworks/caulk.framework/Versions/A/caulk
0x00007ff819e1b000 	/usr/lib/libAudioStatistics.dylib
0x00007ff90df82000 	/System/Library/PrivateFrameworks/SystemPolicy.framework/Versions/A/SystemPolicy
0x00007ff81a0b6000 	/usr/lib/libSMC.dylib
0x00007ff8232ab000 	/System/Library/Frameworks/CoreMIDI.framework/Versions/A/CoreMIDI
0x00007ff818b45000 	/usr/lib/libAudioToolboxUtility.dylib
0x00007ff828c35000 	/System/Library/PrivateFrameworks/OSAServicesClient.framework/Versions/A/OSAServicesClient
0x00007ff81a54d000 	/usr/lib/libperfcheck.dylib
0x00007ff817acd000 	/System/Library/PrivateFrameworks/PlugInKit.framework/Versions/A/PlugInKit
0x00007ff815360000 	/System/Library/PrivateFrameworks/AssertionServices.framework/Versions/A/AssertionServices
0x00007ffa24857000 	/System/Library/Frameworks/OpenGL.framework/Versions/A/Libraries/libGLU.dylib
0x00007ffa24819000 	/System/Library/Frameworks/OpenGL.framework/Versions/A/Libraries/libGFXShared.dylib
0x00007ffa24a18000 	/System/Library/Frameworks/OpenGL.framework/Versions/A/Libraries/libGL.dylib
0x00007ffa24822000 	/System/Library/Frameworks/OpenGL.framework/Versions/A/Libraries/libGLImage.dylib
0x00007ffa24816000 	/System/Library/Frameworks/OpenGL.framework/Versions/A/Libraries/libCVMSPluginSupport.dylib
0x00007ffc0f17f000 	/usr/lib/libRosetta.dylib
0x00007ffa24801000 	/System/Library/Frameworks/OpenGL.framework/Versions/A/Libraries/libCoreVMClient.dylib
0x00007ff81464f000 	/System/Library/Frameworks/MetalPerformanceShaders.framework/Versions/A/Frameworks/MPSCore.framework/Versions/A/MPSCore
0x00007ff815a5f000 	/System/Library/Frameworks/MetalPerformanceShaders.framework/Versions/A/Frameworks/MPSImage.framework/Versions/A/MPSImage
0x00007ff8154d1000 	/System/Library/Frameworks/MetalPerformanceShaders.framework/Versions/A/Frameworks/MPSNeuralNetwork.framework/Versions/A/MPSNeuralNetwork
0x00007ff815942000 	/System/Library/Frameworks/MetalPerformanceShaders.framework/Versions/A/Frameworks/MPSMatrix.framework/Versions/A/MPSMatrix
0x00007ff8156fe000 	/System/Library/Frameworks/MetalPerformanceShaders.framework/Versions/A/Frameworks/MPSRayIntersector.framework/Versions/A/MPSRayIntersector
0x00007ff81597e000 	/System/Library/Frameworks/MetalPerformanceShaders.framework/Versions/A/Frameworks/MPSNDArray.framework/Versions/A/MPSNDArray
0x00007ffb0ca80000 	/System/Library/Frameworks/MetalPerformanceShaders.framework/Versions/A/Frameworks/MPSFunctions.framework/Versions/A/MPSFunctions
0x00007ff80a890000 	/System/Library/PrivateFrameworks/MetalTools.framework/Versions/A/MetalTools
0x00007ff8146d9000 	/System/Library/PrivateFrameworks/AggregateDictionary.framework/Versions/A/AggregateDictionary
0x00007ff817983000 	/usr/lib/libIOReport.dylib
0x00007ffb1ec59000 	/System/Library/PrivateFrameworks/PhotosensitivityProcessing.framework/Versions/A/PhotosensitivityProcessing
0x00007ffa25e09000 	/System/Library/Frameworks/OpenCL.framework/Versions/A/OpenCL
0x00007ff817d35000 	/System/Library/PrivateFrameworks/GraphVisualizer.framework/Versions/A/GraphVisualizer
0x00007ffb166e4000 	/System/Library/PrivateFrameworks/FontServices.framework/Versions/A/FontServices
0x00007ff818161000 	/System/Library/PrivateFrameworks/OTSVG.framework/Versions/A/OTSVG
0x00007ff811e00000 	/System/Library/Frameworks/ApplicationServices.framework/Versions/A/Frameworks/ATS.framework/Versions/A/Resources/libFontRegistry.dylib
0x00007ff8181b0000 	/System/Library/PrivateFrameworks/FontServices.framework/libhvf.dylib
0x00007ffb166e5000 	/System/Library/PrivateFrameworks/FontServices.framework/libXTFontStaticRegistryData.dylib
0x00007ff9199ec000 	/usr/lib/swift/libswiftMetal.dylib
0x00007ff911acd000 	/usr/lib/swift/libswiftsimd.dylib
0x00007ffb2833f000 	/System/Library/PrivateFrameworks/VideoToolboxParavirtualizationSupport.framework/Versions/A/VideoToolboxParavirtualizationSupport
0x00007ff817b9d000 	/System/Library/PrivateFrameworks/AppleVA.framework/Versions/A/AppleVA
0x00007ff819e5b000 	/System/Library/Frameworks/ApplicationServices.framework/Versions/A/Frameworks/ATS.framework/Versions/A/ATS
0x00007ff80f98a000 	/System/Library/Frameworks/ApplicationServices.framework/Versions/A/Frameworks/HIServices.framework/Versions/A/HIServices
0x00007ff818cac000 	/System/Library/Frameworks/ApplicationServices.framework/Versions/A/Frameworks/PrintCore.framework/Versions/A/PrintCore
0x00007ff81a20c000 	/System/Library/Frameworks/ApplicationServices.framework/Versions/A/Frameworks/QD.framework/Versions/A/QD
0x00007ff81a204000 	/System/Library/Frameworks/ApplicationServices.framework/Versions/A/Frameworks/ColorSyncLegacy.framework/Versions/A/ColorSyncLegacy
0x00007ff819e2f000 	/System/Library/Frameworks/ApplicationServices.framework/Versions/A/Frameworks/SpeechSynthesis.framework/Versions/A/SpeechSynthesis
0x00007ff818c6a000 	/System/Library/Frameworks/ApplicationServices.framework/Versions/A/Frameworks/ATSUI.framework/Versions/A/ATSUI
0x00007ff81a196000 	/usr/lib/libcups.2.dylib
0x00007ff81a55c000 	/System/Library/Frameworks/Kerberos.framework/Versions/A/Kerberos
0x00007ff81a56b000 	/System/Library/Frameworks/GSS.framework/Versions/A/GSS
0x00007ff819ec9000 	/usr/lib/libresolv.9.dylib
0x00007ff8181c0000 	/System/Library/PrivateFrameworks/Heimdal.framework/Versions/A/Heimdal
0x00007ff82148e000 	/System/Library/Frameworks/Kerberos.framework/Versions/A/Libraries/libHeimdalProxy.dylib
0x00007ff81a5b6000 	/System/Library/PrivateFrameworks/CommonAuth.framework/Versions/A/CommonAuth
0x00007ffb0a947000 	/System/Library/Frameworks/AVFAudio.framework/Versions/A/AVFAudio
0x00007ff828c7e000 	/System/Library/PrivateFrameworks/AXCoreUtilities.framework/Versions/A/AXCoreUtilities
0x00007ff819da9000 	/System/Library/PrivateFrameworks/AudioSession.framework/Versions/A/AudioSession
0x00007ff81b3b0000 	/System/Library/Frameworks/IOBluetooth.framework/Versions/A/IOBluetooth
0x00007ff817ca3000 	/System/Library/PrivateFrameworks/MediaExperience.framework/Versions/A/MediaExperience
0x00007ff819c53000 	/System/Library/PrivateFrameworks/AudioSession.framework/libSessionUtility.dylib
0x00007ff81a218000 	/System/Library/PrivateFrameworks/AudioResourceArbitration.framework/Versions/A/AudioResourceArbitration
0x00007ff81e343000 	/System/Library/PrivateFrameworks/PowerLog.framework/Versions/A/PowerLog
0x00007ff81e281000 	/System/Library/Frameworks/CoreBluetooth.framework/Versions/A/CoreBluetooth
0x00007ff82148f000 	/System/Library/Frameworks/AudioUnit.framework/Versions/A/AudioUnit
0x00007ff8151ca000 	/System/Library/PrivateFrameworks/CoreUtils.framework/Versions/A/CoreUtils
0x00007ffb151b2000 	/System/Library/PrivateFrameworks/CoreUtilsExtras.framework/Versions/A/CoreUtilsExtras
0x00007ffb1a18c000 	/System/Library/PrivateFrameworks/IO80211.framework/Versions/A/IO80211
0x00007ff817c11000 	/System/Library/PrivateFrameworks/IconFoundation.framework/Versions/A/IconFoundation
0x00007ff81d338000 	/System/Library/PrivateFrameworks/SpeechRecognitionCore.framework/Versions/A/SpeechRecognitionCore
0x000000010727b000 	/Applications/Android Studio.app/Contents/jbr/Contents/Home/lib/server/libjvm.dylib
0x0000000105fdc000 	/Applications/Android Studio.app/Contents/jbr/Contents/Home/lib/libjimage.dylib
0x0000000106040000 	/Applications/Android Studio.app/Contents/jbr/Contents/Home/lib/libjava.dylib
0x0000000106073000 	/Applications/Android Studio.app/Contents/jbr/Contents/Home/lib/libzip.dylib
0x0000000106cd5000 	/Applications/Android Studio.app/Contents/jbr/Contents/Home/lib/libnio.dylib
0x0000000106cf1000 	/Applications/Android Studio.app/Contents/jbr/Contents/Home/lib/libnet.dylib
0x00000001596d6000 	/Applications/Android Studio.app/Contents/jbr/Contents/Home/lib/libawt.dylib
0x0000000159845000 	/Applications/Android Studio.app/Contents/jbr/Contents/Home/lib/libmlib_image.dylib
0x00007ffb0bc6a000 	/System/Library/Frameworks/JavaRuntimeSupport.framework/Versions/A/JavaRuntimeSupport
0x00007ff90d98f000 	/System/Library/Frameworks/Carbon.framework/Versions/A/Carbon
0x00007ff81f64d000 	/System/Library/PrivateFrameworks/CoreSymbolication.framework/Versions/A/CoreSymbolication
0x00007ff825004000 	/System/Library/Frameworks/Carbon.framework/Versions/A/Frameworks/CommonPanels.framework/Versions/A/CommonPanels
0x00007ff820de2000 	/System/Library/Frameworks/Carbon.framework/Versions/A/Frameworks/Help.framework/Versions/A/Help
0x00007ff825008000 	/System/Library/Frameworks/Carbon.framework/Versions/A/Frameworks/ImageCapture.framework/Versions/A/ImageCapture
0x00007ff824fe0000 	/System/Library/Frameworks/Carbon.framework/Versions/A/Frameworks/OpenScripting.framework/Versions/A/OpenScripting
0x00007ff825000000 	/System/Library/Frameworks/Carbon.framework/Versions/A/Frameworks/Ink.framework/Versions/A/Ink
0x00007ff90d98b000 	/System/Library/Frameworks/Carbon.framework/Versions/A/Frameworks/Print.framework/Versions/A/Print
0x00007ff824ffc000 	/System/Library/Frameworks/Carbon.framework/Versions/A/Frameworks/SecurityHI.framework/Versions/A/SecurityHI
0x00007ff81f60e000 	/System/Library/PrivateFrameworks/DebugSymbols.framework/Versions/A/DebugSymbols
0x0000000159ad4000 	/Applications/Android Studio.app/Contents/jbr/Contents/Home/lib/libawt_lwawt.dylib
0x0000000159669000 	/Applications/Android Studio.app/Contents/jbr/Contents/Home/lib/libosxapp.dylib
0x00007ff90cc34000 	/System/Library/Frameworks/ExceptionHandling.framework/Versions/A/ExceptionHandling
0x0000000159cba000 	/Applications/Android Studio.app/Contents/jbr/Contents/Home/lib/libfontmanager.dylib
0x000000015999f000 	/Applications/Android Studio.app/Contents/jbr/Contents/Home/lib/libfreetype.dylib

JVMTI agents: none


VM Arguments:
jvm_args: abort vfprintf -XX:ErrorFile=/Users/mac/java_error_in_studio_%p.log -XX:HeapDumpPath=/Users/mac/java_error_in_studio.hprof -Xms256m -Xmx2048m -XX:JbrShrinkingGcMaxHeapFreeRatio=40 -XX:ReservedCodeCacheSize=512m -XX:+HeapDumpOnOutOfMemoryError -XX:-OmitStackTraceInFastThrow -XX:CICompilerCount=2 -XX:+IgnoreUnrecognizedVMOptions -XX:+UnlockDiagnosticVMOptions -XX:TieredOldPercentage=100000 -ea -Dsun.io.useCanonCaches=false -Dsun.java2d.metal=true -Djbr.catch.SIGABRT=true -Djdk.http.auth.tunneling.disabledSchemes="" -Djdk.attach.allowAttachSelf=true -Djdk.module.illegalAccess.silent=true -Djdk.nio.maxCachedBufferSize=2097152 -Djava.util.zip.use.nio.for.zip.file.access=true -Dkotlinx.coroutines.debug=off -Djava.nio.file.spi.DefaultFileSystemProvider=com.intellij.platform.core.nio.fs.MultiRoutingFileSystemProvider -Dapple.awt.application.appearance=system -Dflags.configuration.level=COMPLETE -Dflags.debug.enabled=false -Djb.vmOptionsFile=/Applications/Android Studio.app/Contents/Resources/../bin/studio.vmoptions -Xbootclasspath/a:/Applications/Android Studio.app/Contents/lib/nio-fs.jar -Djava.system.class.loader=com.intellij.util.lang.PathClassLoader -Didea.vendor.name=Google -Didea.paths.selector=AndroidStudio2025.3.4 -Djna.boot.library.path=/Applications/Android Studio.app/Contents/lib/jna/amd64 -Djna.nosys=true -Djna.noclasspath=true -Dpty4j.preferred.native.folder=/Applications/Android Studio.app/Contents/lib/pty4j -Dio.netty.allocator.type=pooled -Dskiko.library.path=/Applications/Android Studio.app/Contents/lib/skiko-awt-runtime-all -Dintellij.platform.runtime.repository.path=/Applications/Android Studio.app/Contents/modules/module-descriptors.dat -Didea.platform.prefix=AndroidStudio -XX:FlightRecorderOptions=stackdepth=256 --add-opens=java.base/sun.net.www.protocol.https=ALL-UNNAMED -Djava.security.manager=allow -Dij.startup.error.report.url=https://issuetracker.google.com/issues/new?component=192708 -XX:CompileCommand=exclude,org.jetbrains.kotlin.serialization.deserialization.TypeDeserializer::simpleType -XX:CompileCommand=exclude,org.jetbrains.kotlin.serialization.deserialization.TypeDeserializer::toAttributes -Dsplash=true -Daether.connector.resumeDownloads=false -Dcompose.swing.render.on.graphics=true --add-opens=java.base/java.io=ALL-UNNAMED --add-opens=java.base/java.lang=ALL-UNNAMED --add-opens=java.base/java.lang.ref=ALL-UNNAMED --add-opens=java.base/java.lang.reflect=ALL-UNNAMED --add-opens=java.base/java.net=ALL-UNNAMED --add-opens=java.base/java.nio=ALL-UNNAMED --add-opens=java.base/java.nio.charset=ALL-UNNAMED --add-opens=java.base/java.text=ALL-UNNAMED --add-opens=java.base/java.time=ALL-UNNAMED --add-opens=java.base/java.util=ALL-UNNAMED --add-opens=java.base/java.util.concurrent=ALL-UNNAMED --add-opens=java.base/java.util.concurrent.atomic=ALL-UNNAMED --add-opens=java.base/java.util.concurrent.locks=ALL-UNNAMED --add-opens=java.base/jdk.internal.ref=ALL-UNNAMED --add-opens=java.base/jdk.internal.vm=ALL-UNNAMED --add-opens=java.base/sun.net.dns=ALL-UNNAMED --add-opens=java.base/sun.nio=ALL-UNNAMED --add-opens=java.base/sun.nio.ch=ALL-UNNAMED --add-opens=java.base/sun.nio.fs=ALL-UNNAMED --add-opens=java.base/sun.security.ssl=ALL-UNNAMED --add-opens=java.base/sun.security.util=ALL-UNNAMED --add-opens=java.desktop/com.apple.eawt=ALL-UNNAMED --add-opens=java.desktop/com.apple.eawt.event=ALL-UNNAMED --add-opens=java.desktop/com.apple.laf=ALL-UNNAMED --add-opens=java.desktop/com.sun.java.swing=ALL-UNNAMED --add-opens=java.desktop/java.awt=ALL-UNNAMED --add-opens=java.desktop/java.awt.dnd.peer=ALL-UNNAMED --add-opens=java.desktop/java.awt.event=ALL-UNNAMED --add-opens=java.desktop/java.awt.font=ALL-UNNAMED --add-opens=java.desktop/java.awt.image=ALL-UNNAMED --add-opens=java.desktop/java.awt.peer=ALL-UNNAMED --add-opens=java.desktop/javax.swing=ALL-UNNAMED --add-opens=java.desktop/javax.swing.plaf.basic=ALL-UNNAMED --add-opens=java.desktop/javax.swing.text=ALL-UNNAMED --add-opens=java.desktop/javax.swing.text.html=ALL-UNNAMED --add-opens=java.desktop/javax.swing.text.html.parser=ALL-UNNAMED --add-opens=java.desktop/sun.awt=ALL-UNNAMED --add-opens=java.desktop/sun.awt.datatransfer=ALL-UNNAMED --add-opens=java.desktop/sun.awt.image=ALL-UNNAMED --add-opens=java.desktop/sun.font=ALL-UNNAMED --add-opens=java.desktop/sun.java2d=ALL-UNNAMED --add-opens=java.desktop/sun.lwawt=ALL-UNNAMED --add-opens=java.desktop/sun.lwawt.macosx=ALL-UNNAMED --add-opens=java.desktop/sun.swing=ALL-UNNAMED --add-opens=java.management/sun.management=ALL-UNNAMED --add-opens=jdk.attach/sun.tools.attach=ALL-UNNAMED --add-opens=jdk.compiler/com.sun.tools.javac.api=ALL-UNNAMED --add-opens=jdk.internal.jvmstat/sun.jvmstat.monitor=ALL-UNNAMED --add-opens=jdk.jdi/com.sun.tools.jdi=ALL-UNNAMED -Dide.native.launcher=true 
java_command: com.android.tools.idea.MainWrapper /Users/mac/MemoryGame/android
java_class_path (initial): /Applications/Android Studio.app/Contents/lib/platform-loader.jar:/Applications/Android Studio.app/Contents/lib/util-8.jar:/Applications/Android Studio.app/Contents/lib/app.jar:/Applications/Android Studio.app/Contents/lib/util.jar:/Applications/Android Studio.app/Contents/lib/app-backend.jar:/Applications/Android Studio.app/Contents/lib/annotations.jar:/Applications/Android Studio.app/Contents/lib/eclipse.lsp4j.debug.jar:/Applications/Android Studio.app/Contents/lib/eclipse.lsp4j.jar:/Applications/Android Studio.app/Contents/lib/eclipse.lsp4j.jsonrpc.debug.jar:/Applications/Android Studio.app/Contents/lib/eclipse.lsp4j.jsonrpc.jar:/Applications/Android Studio.app/Contents/lib/external-system-rt.jar:/Applications/Android Studio.app/Contents/lib/externalProcess-rt.jar:/Applications/Android Studio.app/Contents/lib/forms_rt.jar:/Applications/Android Studio.app/Contents/lib/groovy.jar:/Applications/Android Studio.app/Contents/lib/idea_rt.jar:/Applications/Android Studio.app/Contents/lib/intellij-test-discovery.jar:/Applications/Android Studio.app/Contents/lib/javax.activation.jar:/Applications/Android Studio.app/Contents/lib/javax.annotation-api.jar:/Applications/Android Studio.app/Contents/lib/jaxb-api.jar:/Applications/Android Studio.app/Contents/lib/jaxb-runtime.jar:/Applications/Android Studio.app/Contents/lib/jps-model.jar:/Applications/Android Studio.app/Contents/lib/kotlinx-coroutines-guava.jar:/Applications/Android Studio.app/Contents/lib/lib.jar:/Applications/Android Studio.app/Contents/lib/module-intellij.libraries.aalto.xml.jar:/Applications/Android Studio.app/Contents/lib/module-intellij.libraries.asm.jar:/Applications/Android Studio.app/Contents/lib/module-intellij.libraries.asm.tools.jar:/Applications/Android Studio.app/Contents/lib/module-intellij.libraries.automaton.jar:/Applications/Android Studio.app/Contents/lib/module-intellij.libraries.blockmap.jar:/Applications/Android Studio.app/Contents/lib/module-intellij.libraries.bouncy.castle.pgp.jar:/Applications/Android Studio.app/Contents/lib/module-intellij.libraries.bouncy.castle.provider.jar:/Applications/Android Studio.app/Contents/lib/module-intellij.libraries.caffeine.jar:/Applications/Android Studio.app/Contents/lib/module-intellij.libraries.cglib.jar:/Applications/Android Studio.app/Contents/lib/module-intellij.libraries.classgraph.jar:/Applications/Android Studio.app/Contents/lib/module-intellij.libraries.cli.parser.jar:/Applications/Android Studio.app/Contents/lib/module-intellij.libraries.commons.cli.jar:/Applications/Android Studio.app/Contents/lib/module-intellij.libraries.commons.codec.jar:/Applications/Android Studio.app/Contents/lib/module-intellij.libraries.commons.compress.jar:/Applications/Android Studio.app/Contents/lib/module-intellij.libraries.commons.imaging.jar:/Applications/Android Studio.app/Contents/lib/module-intellij.libraries.commons.io.jar:/Applications/Android Studio.app/Contents/lib/module-intellij.libraries.commons.lang3.jar:/Applications/Android Studio.app/Contents/lib/module-intellij.libraries.commons.logging.jar:/Applications/Android Studio.app/Contents/lib/module-intellij.libraries.fastutil.jar:/Applications/Android Studio.app/Contents/lib/module-intellij.libraries.gson.jar:/Applications/Android Studio.app/Contents/lib/module-intellij.libraries.guava.jar:/Applications/Android Studio.app/Contents/lib/module-intellij.libraries.hash4j.jar:/Applications/Android Studio.app/Contents/lib/module-intellij.libraries.hdr.histogram.jar:/Applications/Android Studio.app/Contents/lib/module-intellij.libraries.http.client.jar:/Applications/Android Studio.app/Contents/lib/module-intellij.libraries.icu4j.jar:/Applications/Android Studio.app/Contents/lib/module-intellij.libraries.imgscalr.jar:/Applications/Android Studio.app/Contents/lib/module-intellij.libraries.ini4j.jar:/Applications/Android Studio.app/Contents/lib/module-intellij.libraries.ion.jar:/Applications/Android Studio.app/Contents/lib/module-intellij.libraries.jackson.databind.jar:/Applications/Android Studio.app/Contents/lib/module-intellij.libraries.jackson.dataformat.yaml.jar:/Applications/Android Studio.app/Contents/lib/module-intellij.libraries.jackson.jar:/Applications/Android Studio.app/Contents/lib/module-intellij.libraries.jackson.jr.objects.jar:/Applications/Android Studio.app/Contents/lib/module-intellij.libraries.jackson.module.kotlin.jar:/Applications/Android Studio.app/Contents/lib/module-intellij.libraries.java.websocket.jar:/Applications/Android Studio.app/Contents/lib/module-intellij.libraries.javax.annotation.jar:/Applications/Android Studio.app/Contents/lib/module-intellij.libraries.jaxen.jar:/Applications/Android Studio.app/Contents/lib/module-intellij.libraries.jbr.jar:/Applications/Android Studio.app/Contents/lib/module-intellij.libraries.jcef.jar:/Applications/Android Studio.app/Contents/lib/module-intellij.libraries.jcip.jar:/Applications/Android Studio.app/Contents/lib/module-intellij.libraries.jediterm.core.jar:/Applications/Android Studio.app/Contents/lib/module-intellij.libraries.jediterm.ui.jar:/Applications/Android Studio.app/Contents/lib/module-intellij.libraries.jettison.jar:/Applications/Android Studio.app/Contents/lib/module-intellij.libraries.jsonpath.jar:/Applications/Android Studio.app/Contents/lib/module-intellij.libraries.jsoup.jar:/Applications/Android Studio.app/Contents/lib/module-intellij.libraries.jsvg.jar:/Applications/Android Studio.app/Contents/lib/module-intellij.libraries.jvm.native.trusted.roots.jar:/Applications/Android Studio.app/Contents/lib/module-intellij.libraries.jzlib.jar:/Applications/Android Studio.app/Contents/lib/module-intellij.libraries.kotlin.reflect.jar:/Applications/Android Studio.app/Contents/lib/module-intellij.libraries.kotlinx.collections.immutable.jar:/Applications/Android Studio.app/Contents/lib/module-intellij.libraries.kotlinx.coroutines.slf4j.jar:/Applications/Android Studio.app/Contents/lib/module-intellij.libraries.kotlinx.datetime.jar:/Applications/Android Studio.app/Contents/lib/module-intellij.libraries.kotlinx.html.jar:/Applications/Android Studio.app/Contents/lib/module-intellij.libraries.kotlinx.io.jar:/Applications/Android Studio.app/Contents/lib/module-intellij.libraries.kotlinx.serialization.core.jar:/Applications/Android Studio.app/Contents/lib/module-intellij.libraries.kotlinx.serialization.json.jar:/Applications/Android Studio.app/Contents/lib/module-intellij.libraries.kotlinx.serialization.protobuf.jar:/Applications/Android Studio.app/Contents/lib/module-intellij.libraries.kryo5.jar:/Applications/Android Studio.app/Contents/lib/module-intellij.libraries.ktor.client.cio.jar:/Applications/Android Studio.app/Contents/lib/module-intellij.libraries.ktor.client.jar:/Applications/Android Studio.app/Contents/lib/module-intellij.libraries.ktor.io.jar:/Applications/Android Studio.app/Contents/lib/module-intellij.libraries.ktor.network.tls.jar:/Applications/Android Studio.app/Contents/lib/module-intellij.libraries.ktor.utils.jar:/Applications/Android Studio.app/Contents/lib/module-intellij.libraries.lz4.jar:/Applications/Android Studio.app/Contents/lib/module-intellij.libraries.markdown.jar:/Applications/Android Studio.app/Contents/lib/module-intellij.libraries.miglayout.swing.jar:/Applications/Android Studio.app/Contents/lib/module-intellij.libraries.mvstore.jar:/Applications/Android Studio.app/Contents/lib/module-intellij.libraries.oro.matcher.jar:/Applications/Android Studio.app/Contents/lib/module-intellij.libraries.proxy.vole.jar:/Applications/Android Studio.app/Contents/lib/module-intellij.libraries.pty4j.jar:/Applications/Android Studio.app/Contents/lib/module-intellij.libraries.rd.text.jar:/Applications/Android Studio.app/Contents/lib/module-intellij.libraries.rhino.jar:/Applications/Android Studio.app/Contents/lib/module-intellij.libraries.snakeyaml.engine.jar:/Applications/Android Studio.app/Contents/lib/module-intellij.libraries.snakeyaml.jar:/Applications/Android Studio.app/Contents/lib/module-intellij.libraries.sshj.jar:/Applications/Android Studio.app/Contents/lib/module-intellij.libraries.stream.jar:/Applications/Android Studio.app/Contents/lib/module-intellij.libraries.velocity.jar:/Applications/Android Studio.app/Contents/lib/module-intellij.libraries.winp.jar:/Applications/Android Studio.app/Contents/lib/module-intellij.libraries.xerces.jar:/Applications/Android Studio.app/Contents/lib/module-intellij.libraries.xstream.jar:/Applications/Android Studio.app/Contents/lib/module-intellij.libraries.xtext.xbase.jar:/Applications/Android Studio.app/Contents/lib/module-intellij.libraries.xz.jar:/Applications/Android Studio.app/Contents/lib/module-intellij.platform.debugger.impl.rpc.jar:/Applications/Android Studio.app/Contents/lib/module-intellij.platform.debugger.impl.shared.jar:/Applications/Android Studio.app/Contents/lib/module-intellij.platform.eel.impl.jar:/Applications/Android Studio.app/Contents/lib/module-intellij.platform.find.jar:/Applications/Android Studio.app/Contents/lib/module-intellij.platform.managed.cache.jar:/Applications/Android Studio.app/Contents/lib/module-intellij.platform.polySymbols.backend.jar:/Applications/Android Studio.app/Contents/lib/module-intellij.platform.polySymbols.jar:/Applications/Android Studio.app/Contents/lib/module-intellij.platform.rpc.topics.jar:/Applications/Android Studio.app/Contents/lib/module-intellij.platform.scopes.jar:/Applications/Android Studio.app/Contents/lib/module-intellij.platform.vcs.core.jar:/Applications/Android Studio.app/Contents/lib/module-intellij.platform.vcs.jar:/Applications/Android Studio.app/Contents/lib/module-intellij.platform.vcs.shared.jar:/Applications/Android Studio.app/Contents/lib/module-intellij.regexp.jar:/Applications/Android Studio.app/Contents/lib/module-intellij.xml.analysis.impl.jar:/Applications/Android Studio.app/Contents/lib/module-intellij.xml.analysis.jar:/Applications/Android Studio.app/Contents/lib/module-intellij.xml.dom.impl.jar:/Applications/Android Studio.app/Contents/lib/module-intellij.xml.dom.jar:/Applications/Android Studio.app/Contents/lib/module-intellij.xml.impl.jar:/Applications/Android Studio.app/Contents/lib/module-intellij.xml.parser.jar:/Applications/Android Studio.app/Contents/lib/module-intellij.xml.psi.impl.jar:/Applications/Android Studio.app/Contents/lib/module-intellij.xml.psi.jar:/Applications/Android Studio.app/Contents/lib/module-intellij.xml.structureView.impl.jar:/Applications/Android Studio.app/Contents/lib/module-intellij.xml.structureView.jar:/Applications/Android Studio.app/Contents/lib/module-intellij.xml.syntax.jar:/Applications/Android Studio.app/Contents/lib/module-intellij.xml.ui.common.jar:/Applications/Android Studio.app/Contents/lib/opentelemetry.jar:/Applications/Android Studio.app/Contents/lib/plexus-utils.jar:/Applications/Android Studio.app/Contents/lib/protobuf.jar:/Applications/Android Studio.app/Contents/lib/rd.jar:/Applications/Android Studio.app/Contents/lib/resources.jar:/Applications/Android Studio.app/Contents/lib/rhino.jar:/Applications/Android Studio.app/Contents/lib/stats.jar:/Applications/Android Studio.app/Contents/lib/trove.jar:/Applications/Android Studio.app/Contents/lib/util_rt.jar
Launcher Type: generic

[Global flags]
     intx CICompilerCount                          = 2                                         {product} {command line}
ccstrlist CompileCommand                           = exclude,org.jetbrains.kotlin.serialization.deserialization.TypeDeserializer::simpleType
          CompileCommand                          += exclude,org.jetbrains.kotlin.serialization.deserialization.TypeDeserializer::toAttributes            {product} {command line}
     uint ConcGCThreads                            = 1                                         {product} {ergonomic}
    ccstr ErrorFile                                = /Users/mac/java_error_in_studio_%p.log            {product} {command line}
    ccstr FlightRecorderOptions                    = stackdepth=256                            {product} {command line}
     uint G1ConcRefinementThreads                  = 4                                         {product} {ergonomic}
   size_t G1HeapRegionSize                         = 1048576                                   {product} {ergonomic}
    uintx GCDrainStackTargetSize                   = 64                                        {product} {ergonomic}
     bool HeapDumpOnOutOfMemoryError               = true                                   {manageable} {command line}
    ccstr HeapDumpPath                             = /Users/mac/java_error_in_studio.hprof         {manageable} {command line}
     bool IgnoreUnrecognizedVMOptions              = true                                      {product} {command line}
   size_t InitialHeapSize                          = 268435456                                 {product} {command line}
    uintx JbrShrinkingGcMaxHeapFreeRatio           = 40                                     {manageable} {command line}
   size_t MarkStackSize                            = 4194304                                   {product} {ergonomic}
   size_t MaxHeapSize                              = 2147483648                                {product} {command line}
   size_t MaxNewSize                               = 1287651328                                {product} {ergonomic}
   size_t MinHeapDeltaBytes                        = 1048576                                   {product} {ergonomic}
   size_t MinHeapSize                              = 268435456                                 {product} {command line}
    uintx NonNMethodCodeHeapSize                   = 5826188                                {pd product} {ergonomic}
    uintx NonProfiledCodeHeapSize                  = 265522362                              {pd product} {ergonomic}
     bool OmitStackTraceInFastThrow                = false                                     {product} {command line}
    uintx ProfiledCodeHeapSize                     = 265522362                              {pd product} {ergonomic}
    uintx ReservedCodeCacheSize                    = 536870912                              {pd product} {command line}
     bool SegmentedCodeCache                       = true                                      {product} {ergonomic}
   size_t SoftMaxHeapSize                          = 2147483648                             {manageable} {ergonomic}
     intx TieredOldPercentage                      = 100000                                 {diagnostic} {command line}
     bool UnlockDiagnosticVMOptions                = true                                   {diagnostic} {command line}
     bool UseCompressedOops                        = true                           {product lp64_product} {ergonomic}
     bool UseG1GC                                  = true                                      {product} {ergonomic}
     bool UseNUMA                                  = false                                     {product} {ergonomic}
     bool UseNUMAInterleaving                      = false                                     {product} {ergonomic}

Logging:
Log output configuration:
 #0: stdout all=warning uptime,level,tags foldmultilines=false (reconfigured)
 #1: stderr all=off uptime,level,tags foldmultilines=false

Release file:
JAVA_VERSION="21.0.10"
MODULES="java.base java.compiler java.datatransfer java.xml java.prefs java.desktop java.instrument java.logging java.management java.security.sasl java.naming java.rmi java.management.rmi java.net.http java.scripting java.security.jgss java.transaction.xa java.sql java.sql.rowset java.xml.crypto java.se java.smartcardio jdk.accessibility jdk.internal.jvmstat jdk.attach jdk.charsets jdk.internal.opt jdk.zipfs jdk.compiler jdk.crypto.ec jdk.crypto.cryptoki jdk.dynalink jdk.hotspot.agent jdk.httpserver jdk.internal.ed jdk.internal.le jdk.internal.vm.ci jdk.jartool jdk.javadoc jdk.jcmd jdk.jdeps jdk.jdwp.agent jdk.jdi jdk.jfr jdk.jlink jdk.jsobject jdk.localedata jdk.management jdk.management.agent jdk.management.jfr jdk.naming.dns jdk.naming.rmi jdk.net jdk.sctp jdk.security.auth jdk.security.jgss jdk.unsupported jdk.unsupported.desktop jdk.xml.dom"
IMPLEMENTOR="JetBrains s.r.o."
JAVA_RUNTIME_VERSION="21.0.10+-117844309-b1163.108"
LIBC="default"
OS_ARCH="x86_64"
OS_NAME="Darwin"
SOURCE=".:git:1351622c2ff2"

Environment Variables:
PATH=/Applications/Cursor.app/Contents/Resources/app/node_modules/@vscode/ripgrep/bin:/Users/mac/.local/bin:/usr/local/bin:/System/Cryptexes/App/usr/bin:/usr/bin:/bin:/usr/sbin:/sbin:/Library/Apple/usr/bin:/var/run/com.apple.security.cryptexd/codex.system/bootstrap/usr/local/bin:/var/run/com.apple.security.cryptexd/codex.system/bootstrap/usr/bin:/var/run/com.apple.security.cryptexd/codex.system/bootstrap/usr/appleinternal/bin
SHELL=/bin/bash
TERM=dumb
TMPDIR=/var/folders/sq/39krvhc53qg1zp_hc1bvydjw0000gn/T/

Active Locale:
LC_ALL=C
LC_COLLATE=C
LC_CTYPE=C
LC_MESSAGES=C
LC_MONETARY=C
LC_NUMERIC=C
LC_TIME=C

Signal Handlers:
   SIGSEGV: crash_handler in libjvm.dylib, mask=11100110000111110111111111111111, flags=SA_ONSTACK|SA_RESTART|SA_SIGINFO, unblocked
    SIGBUS: crash_handler in libjvm.dylib, mask=11100110000111110111111111111111, flags=SA_RESTART|SA_SIGINFO, unblocked
    SIGFPE: crash_handler in libjvm.dylib, mask=11100110000111110111111111111111, flags=SA_RESTART|SA_SIGINFO, unblocked
   SIGPIPE: javaSignalHandler in libjvm.dylib, mask=11100110000111110111111111111111, flags=SA_RESTART|SA_SIGINFO, blocked
   SIGXFSZ: javaSignalHandler in libjvm.dylib, mask=11100110000111110111111111111111, flags=SA_RESTART|SA_SIGINFO, blocked
    SIGILL: crash_handler in libjvm.dylib, mask=11100110000111110111111111111111, flags=SA_RESTART|SA_SIGINFO, unblocked
   SIGUSR2: SR_handler in libjvm.dylib, mask=00000000000000000000000000000000, flags=SA_RESTART|SA_SIGINFO, blocked
    SIGHUP: UserHandler in libjvm.dylib, mask=11100110000111110111111111111111, flags=SA_RESTART|SA_SIGINFO, blocked
    SIGINT: UserHandler in libjvm.dylib, mask=11100110000111110111111111111111, flags=SA_RESTART|SA_SIGINFO, blocked
   SIGTERM: UserHandler in libjvm.dylib, mask=11100110000111110111111111111111, flags=SA_RESTART|SA_SIGINFO, blocked
   SIGQUIT: UserHandler in libjvm.dylib, mask=11100110000111110111111111111111, flags=SA_RESTART|SA_SIGINFO, blocked
   SIGTRAP: crash_handler in libjvm.dylib, mask=11100110000111110111111111111111, flags=SA_RESTART|SA_SIGINFO, unblocked


Periodic native trim disabled

JNI global refs:
JNI global refs: 25, weak refs: 1

JNI global refs memory usage: 835, weak refs: 833

Process memory usage:
Resident Set Size: 106288K (1% of 8388608K total physical memory with 491320K free physical memory)

OOME stack traces (most recent first):
Classloader memory used:
Loader bootstrap                                                                       : 12109K
Loader com.intellij.util.lang.PathClassLoader                                          : 8793K
Loader jdk.internal.loader.ClassLoaders$AppClassLoader                                 : 362K

---------------  S Y S T E M  ---------------

OS:
uname: Darwin 22.6.0 Darwin Kernel Version 22.6.0: Tue Jul 15 08:22:28 PDT 2025; root:xnu-8796.141.3.713.2~2/RELEASE_X86_64 x86_64
rlimit (soft/hard): STACK 8192k/65532k , CORE 0k/infinity , NPROC 1392/2088 , NOFILE 10240/infinity , AS infinity/infinity , CPU infinity/infinity , DATA infinity/infinity , FSIZE infinity/infinity , MEMLOCK infinity/infinity , RSS infinity/infinity
load average:  Unavailable

CPU: total 4 (initial active 4) (2 cores per cpu, 2 threads per core) family 6 model 142 stepping 9 microcode 0x0, cx8, cmov, fxsr, ht, mmx, 3dnowpref, sse, sse2, sse3, ssse3, sse4.1, sse4.2, popcnt, lzcnt, tsc, tscinvbit, avx, avx2, aes, erms, clmul, bmi1, bmi2, adx, fma, vzeroupper, clflush, clflushopt, rdtscp, f16c

Memory: 4k page, physical 8388608k(491656k free)

vm_info: OpenJDK 64-Bit Server VM (21.0.10+-117844309-b1163.108) for bsd-amd64 JRE (21.0.10+-117844309-b1163.108), built on 2026-03-05T18:14:59Z by "builder" with clang Android (10087095, +pgo, +bolt, +lto, -mlgo, based on r487747c) Clang 17.0.2 (https://android.googlesource.com/toolchain/llvm-project d9f89f4d16663d5012e5c09495f3b30ece3d2362)

END.
